generation,duration,idle_time,connectedness_penalty,crew_cost,pareto_rank,crowding_distance,overall_pareto_rank,zones,crews
1,429.4,20.0,1,10.0,1,inf,1,"{""1440376"": 1, ""1773270"": 2, ""1440405"": 2, ""1440406"": 2, ""1440399"": 2, ""1440402"": 2, ""1440396"": 2, ""1440403"": 2, ""1440400"": 2, ""1440368"": 1, ""1440395"": 2, ""1440397"": 2, ""1440398"": 2, ""1440383"": 1, ""1440401"": 2, ""1440382"": 1, ""1440404"": 2, ""1440394"": 2, ""1440385"": 1, ""1440384"": 1, ""1440372"": 1, ""1440381"": 1, ""1440371"": 1, ""1440380"": 1, ""1773267"": 1, ""1773269"": 1, ""1773274"": 1, ""1773278"": 1, ""1440388"": 1, ""1440369"": 1, ""1440389"": 1, ""1773440"": 2}","{""Interior Walls"": 2.0, ""MEP"": 2.0, ""Ceiling"": 2.0, ""Doors"": 2.0, ""Interior Finishes"": 2.0}"
1,98.16399999999997,164.20399999999995,0,25.0,1,inf,2,"{""1440376"": 6, ""1773270"": 12, ""1440389"": 17, ""1440401"": 7, ""1773274"": 16, ""1440394"": 1, ""1440380"": 11, ""1440371"": 13, ""1440388"": 8, ""1440397"": 3, ""1440368"": 14, ""1440404"": 9, ""1440383"": 10, ""1773440"": 15, ""1440372"": 2, ""1440399"": 5, ""1773269"": 4, ""1440405"": 12, ""1440402"": 7, ""1440406"": 9, ""1440385"": 8, ""1440396"": 3, ""1440395"": 1, ""1440381"": 11, ""1440369"": 13, ""1440400"": 5, ""1440382"": 10, ""1773278"": 14, ""1440398"": 1, ""1773267"": 11, ""1440403"": 9, ""1440384"": 8}","{""Interior Walls"": 5.0, ""MEP"": 5.0, ""Ceiling"": 5.0, ""Doors"": 5.0, ""Interior Finishes"": 5.0}"
1,494.92,859.12,0,5.0,1,inf,3,"{""1440376"": 4, ""1773270"": 16, ""1440389"": 12, ""1440401"": 10, ""1773274"": 17, ""1440394"": 3, ""1440380"": 9, ""1440371"": 13, ""1440388"": 2, ""1440397"": 5, ""1440368"": 14, ""1440404"": 15, ""1440383"": 7, ""1773440"": 11, ""1440372"": 1, ""1440399"": 8, ""1773269"": 6, ""1440405"": 16, ""1440402"": 10, ""1440406"": 15, ""1440385"": 2, ""1440396"": 5, ""1440395"": 3, ""1440381"": 9, ""1440369"": 13, ""1440400"": 8, ""1440382"": 7, ""1773278"": 14, ""1440398"": 3, ""1773267"": 9, ""1440403"": 15, ""1440384"": 2}","{""Interior Walls"": 1, ""MEP"": 1, ""Ceiling"": 1, ""Doors"": 1, ""Interior Finishes"": 1}"
1,510.52000000000004,637.22,0,5.0,1,inf,4,"{""1440389"": 1, ""1773274"": 3, ""1773278"": 4, ""1773440"": 5, ""1440371"": 6, ""1773270"": 7, ""1773267"": 8, ""1440380"": 9, ""1440381"": 9, ""1440369"": 10, ""1440382"": 11, ""1440405"": 12, ""1440368"": 13, ""1440383"": 14, ""1440403"": 15, ""1440404"": 15, ""1440406"": 15, ""1440384"": 16, ""1440385"": 16, ""1440402"": 17, ""1440388"": 18, ""1440376"": 19, ""1440401"": 20, ""1440400"": 21, ""1440399"": 22, ""1773269"": 23, ""1440372"": 2, ""1440396"": 24, ""1440397"": 24, ""1440394"": 25, ""1440395"": 25, ""1440398"": 25}","{""Interior Walls"": 1, ""MEP"": 1, ""Ceiling"": 1, ""Doors"": 1, ""Interior Finishes"": 1}"
1,621.5000000000001,624.7,4,6.0,1,inf,5,"{""1440376"": 1, ""1440384"": 2, ""1440385"": 2, ""1440388"": 2, ""1440389"": 2, ""1773267"": 2, ""1773269"": 2, ""1773274"": 2, ""1773278"": 2, ""1440368"": 2, ""1440369"": 2, ""1440371"": 2, ""1440372"": 1, ""1440380"": 2, ""1440381"": 2, ""1440382"": 2, ""1440383"": 2, ""1440401"": 3, ""1773440"": 4, ""1440394"": 4, ""1440395"": 4, ""1440396"": 4, ""1440397"": 4, ""1440398"": 4, ""1440399"": 4, ""1440400"": 4, ""1440402"": 4, ""1440403"": 4, ""1440404"": 4, ""1440405"": 4, ""1440406"": 4, ""1773270"": 4}","{""Interior Walls"": 1, ""MEP"": 1, ""Ceiling"": 2.0, ""Doors"": 1, ""Interior Finishes"": 1}"
1,165.14,69.83999999999997,0,18.0,1,inf,6,"{""1440389"": 1, ""1773274"": 2, ""1773278"": 3, ""1773440"": 4, ""1440371"": 5, ""1440405"": 6, ""1773270"": 6, ""1440380"": 7, ""1440381"": 7, ""1440382"": 7, ""1773267"": 8, ""1440369"": 9, ""1440368"": 10, ""1440403"": 11, ""1440404"": 11, ""1440406"": 11, ""1440384"": 12, ""1440383"": 12, ""1440385"": 13, ""1440388"": 13, ""1440401"": 14, ""1440402"": 14, ""1440376"": 15, ""1440400"": 16, ""1440399"": 16, ""1773269"": 17, ""1440396"": 18, ""1440397"": 18, ""1440372"": 19, ""1440394"": 20, ""1440395"": 20, ""1440398"": 20}","{""Interior Walls"": 5.0, ""MEP"": 5.0, ""Ceiling"": 5.0, ""Doors"": 1.0, ""Interior Finishes"": 2.0}"
1,402.28000000000003,270.9800000000001,0,7.0,1,0.7081049909668178,7,"{""1440389"": 1, ""1773274"": 2, ""1773440"": 3, ""1440369"": 4, ""1440371"": 4, ""1440368"": 5, ""1773278"": 5, ""1440405"": 6, ""1773270"": 6, ""1773267"": 7, ""1440380"": 7, ""1440381"": 7, ""1440382"": 8, ""1440383"": 8, ""1440403"": 9, ""1440404"": 9, ""1440406"": 9, ""1440384"": 10, ""1440385"": 10, ""1440388"": 10, ""1440401"": 11, ""1440402"": 11, ""1440376"": 12, ""1440400"": 13, ""1440399"": 13, ""1773269"": 14, ""1440396"": 15, ""1440397"": 15, ""1440372"": 16, ""1440394"": 17, ""1440395"": 17, ""1440398"": 17}","{""Interior Walls"": 2.0, ""MEP"": 1, ""Ceiling"": 1, ""Doors"": 2.0, ""Interior Finishes"": 1}"
1,205.04000000000002,122.49000000000002,0,13.0,1,0.5410136832495924,8,"{""1440389"": 1, ""1773274"": 2, ""1773278"": 3, ""1773440"": 4, ""1440371"": 5, ""1440405"": 6, ""1773270"": 6, ""1440380"": 7, ""1440381"": 7, ""1440382"": 7, ""1773267"": 8, ""1440369"": 9, ""1440368"": 10, ""1440403"": 11, ""1440404"": 11, ""1440406"": 11, ""1440384"": 12, ""1440383"": 12, ""1440385"": 13, ""1440388"": 13, ""1440401"": 14, ""1440402"": 14, ""1440376"": 15, ""1440400"": 16, ""1440399"": 16, ""1773269"": 17, ""1440396"": 18, ""1440397"": 18, ""1440372"": 19, ""1440394"": 20, ""1440395"": 20, ""1440398"": 20}","{""Interior Walls"": 5.0, ""MEP"": 2.0, ""Ceiling"": 2.0, ""Doors"": 2.0, ""Interior Finishes"": 2.0}"
1,256.64000000000004,326.49,0,10.0,1,0.5404562015553579,9,"{""1440376"": 12, ""1773270"": 6, ""1440389"": 1, ""1440401"": 11, ""1773274"": 2, ""1440394"": 17, ""1440380"": 7, ""1440371"": 4, ""1440388"": 10, ""1440397"": 15, ""1440368"": 5, ""1440404"": 9, ""1440383"": 8, ""1773440"": 3, ""1440372"": 16, ""1440399"": 13, ""1773269"": 14, ""1440405"": 6, ""1440402"": 11, ""1440406"": 9, ""1440385"": 10, ""1440396"": 15, ""1440395"": 17, ""1440381"": 7, ""1440369"": 4, ""1440400"": 13, ""1440382"": 8, ""1773278"": 5, ""1440398"": 17, ""1773267"": 7, ""1440403"": 9, ""1440384"": 10}","{""Interior Walls"": 2.0, ""MEP"": 2.0, ""Ceiling"": 2.0, ""Doors"": 2.0, ""Interior Finishes"": 2.0}"
1,114.43999999999998,169.48000000000002,0,22.0,1,0.3847120561025683,10,"{""1440394"": 1, ""1440395"": 1, ""1440398"": 1, ""1440372"": 2, ""1440396"": 3, ""1440397"": 3, ""1773269"": 4, ""1440400"": 5, ""1440399"": 5, ""1440376"": 6, ""1440401"": 7, ""1440402"": 7, ""1440384"": 8, ""1440385"": 8, ""1440388"": 8, ""1440403"": 9, ""1440404"": 9, ""1440406"": 9, ""1440382"": 10, ""1440383"": 10, ""1773267"": 11, ""1440380"": 11, ""1440381"": 11, ""1440405"": 12, ""1773270"": 12, ""1440369"": 13, ""1440371"": 13, ""1440368"": 14, ""1773278"": 14, ""1773440"": 15, ""1773274"": 16, ""1440389"": 17}","{""Interior Walls"": 5.0, ""MEP"": 5.0, ""Ceiling"": 2, ""Doors"": 5.0, ""Interior Finishes"": 5.0}"
1,245.29000000000002,437.89,0,10.0,1,0.3144556024055223,11,"{""1440376"": 8, ""1773270"": 20, ""1440389"": 26, ""1440401"": 7, ""1773274"": 25, ""1440394"": 1, ""1440380"": 21, ""1440371"": 22, ""1440388"": 9, ""1440397"": 4, ""1440368"": 14, ""1440404"": 12, ""1440383"": 13, ""1773440"": 23, ""1440372"": 3, ""1440399"": 6, ""1773269"": 5, ""1440369"": 17, ""1773278"": 24, ""1773267"": 19, ""1440381"": 16, ""1440395"": 2, ""1440385"": 11, ""1440405"": 18, ""1440402"": 10, ""1440406"": 15, ""1440400"": 7, ""1440403"": 12, ""1440398"": 4, ""1440396"": 2, ""1440382"": 16, ""1440384"": 11}","{""Interior Walls"": 2.0, ""MEP"": 2.0, ""Ceiling"": 2.0, ""Doors"": 2.0, ""Interior Finishes"": 2.0}"
1,227.99333333333334,347.09333333333336,0,11.0,1,0.3011191309483142,12,"{""1773267"": 1, ""1440376"": 2, ""1440389"": 3, ""1773274"": 4, ""1440380"": 5, ""1440371"": 6, ""1440388"": 7, ""1440368"": 8, ""1440383"": 9, ""1440372"": 10, ""1773269"": 11, ""1440369"": 12, ""1773278"": 13, ""1440381"": 14, ""1440382"": 14, ""1440384"": 15, ""1440385"": 15, ""1440406"": 16, ""1773270"": 17, ""1440400"": 18, ""1440401"": 18, ""1440394"": 19, ""1440397"": 20, ""1440398"": 20, ""1440403"": 21, ""1440404"": 21, ""1773440"": 22, ""1440399"": 23, ""1440395"": 24, ""1440396"": 24, ""1440405"": 25, ""1440402"": 26}","{""Interior Walls"": 3.0, ""MEP"": 2.0, ""Ceiling"": 2.0, ""Doors"": 2.0, ""Interior Finishes"": 2.0}"
1,509.16,799.86,0,5.0,1,0.29425246823253026,13,"{""1440376"": 25, ""1773270"": 1, ""1440389"": 22, ""1440401"": 10, ""1773274"": 8, ""1440394"": 23, ""1440380"": 24, ""1440371"": 9, ""1440388"": 32, ""1440397"": 16, ""1440368"": 14, ""1440404"": 4, ""1440383"": 29, ""1773440"": 17, ""1440372"": 27, ""1440399"": 13, ""1773269"": 19, ""1440369"": 12, ""1773278"": 6, ""1773267"": 21, ""1440381"": 26, ""1440395"": 20, ""1440385"": 31, ""1440405"": 2, ""1440402"": 7, ""1440406"": 3, ""1440396"": 18, ""1440382"": 28, ""1440398"": 15, ""1440400"": 11, ""1440384"": 30, ""1440403"": 5}","{""Interior Walls"": 1, ""MEP"": 1, ""Ceiling"": 1, ""Doors"": 1, ""Interior Finishes"": 1}"
1,102.56,177.1333333333333,0,23.0,1,0.27954344914266244,14,"{""1440383"": 1, ""1440376"": 2, ""1440389"": 3, ""1773274"": 4, ""1440380"": 5, ""1440371"": 6, ""1440388"": 7, ""1440368"": 8, ""1440372"": 9, ""1773269"": 10, ""1440369"": 11, ""1773278"": 12, ""1773267"": 13, ""1440381"": 14, ""1440384"": 15, ""1440385"": 15, ""1440382"": 16, ""1440402"": 17, ""1773270"": 18, ""1440400"": 19, ""1440401"": 19, ""1440394"": 20, ""1440397"": 21, ""1440403"": 22, ""1440404"": 22, ""1773440"": 23, ""1440399"": 24, ""1440395"": 25, ""1440405"": 26, ""1440406"": 27, ""1440396"": 28, ""1440398"": 29}","{""Interior Walls"": 5.0, ""MEP"": 5.0, ""Ceiling"": 3.0, ""Doors"": 5.0, ""Interior Finishes"": 5.0}"
1,102.70400000000001,129.344,0,25.0,1,0.13217720284134815,15,"{""1440376"": 20, ""1773270"": 7, ""1440389"": 1, ""1440401"": 21, ""1773274"": 2, ""1440394"": 29, ""1440380"": 6, ""1440371"": 5, ""1440388"": 19, ""1440397"": 25, ""1440368"": 14, ""1440404"": 16, ""1440383"": 15, ""1773440"": 4, ""1440372"": 26, ""1440399"": 22, ""1773269"": 23, ""1440369"": 11, ""1773278"": 3, ""1773267"": 9, ""1440381"": 8, ""1440395"": 28, ""1440385"": 17, ""1440405"": 10, ""1440402"": 18, ""1440406"": 13, ""1440396"": 27, ""1440382"": 12, ""1440398"": 24, ""1440403"": 16, ""1440400"": 21, ""1440384"": 17}","{""Interior Walls"": 5.0, ""MEP"": 5.0, ""Ceiling"": 5.0, ""Doors"": 5.0, ""Interior Finishes"": 5.0}"
1,245.41,388.76,0,10.0,1,0.12989241464778095,16,"{""1440376"": 6, ""1773270"": 15, ""1440389"": 21, ""1440401"": 7, ""1773274"": 20, ""1440394"": 1, ""1440380"": 16, ""1440371"": 17, ""1440388"": 8, ""1440397"": 3, ""1440368"": 11, ""1440404"": 10, ""1440383"": 9, ""1773440"": 18, ""1440372"": 2, ""1440399"": 5, ""1773269"": 4, ""1440369"": 13, ""1773278"": 19, ""1773267"": 14, ""1440381"": 12, ""1440405"": 15, ""1440395"": 1, ""1440402"": 7, ""1440406"": 10, ""1440396"": 3, ""1440385"": 8, ""1440382"": 12, ""1440400"": 5, ""1440384"": 9, ""1440398"": 1, ""1440403"": 10}","{""Interior Walls"": 2.0, ""MEP"": 2.0, ""Ceiling"": 2.0, ""Doors"": 2.0, ""Interior Finishes"": 2.0}"
1,98.164,155.504,0,25.0,1,0.04845143970315226,17,"{""1440376"": 6, ""1773270"": 14, ""1440389"": 19, ""1440401"": 7, ""1773274"": 18, ""1440394"": 1, ""1440380"": 13, ""1440371"": 15, ""1440388"": 8, ""1440397"": 3, ""1440368"": 11, ""1440404"": 9, ""1440383"": 10, ""1773440"": 16, ""1440372"": 2, ""1440399"": 5, ""1773269"": 4, ""1440369"": 12, ""1773278"": 17, ""1440405"": 14, ""1440402"": 7, ""1440406"": 9, ""1440395"": 1, ""1440396"": 3, ""1440385"": 8, ""1440381"": 13, ""1440400"": 5, ""1440384"": 10, ""1440398"": 1, ""1773267"": 13, ""1440403"": 9, ""1440382"": 10}","{""Interior Walls"": 5.0, ""MEP"": 5.0, ""Ceiling"": 5.0, ""Doors"": 5.0, ""Interior Finishes"": 5.0}"
1,102.656,130.596,0,25.0,1,0.029775197207122763,18,"{""1440376"": 15, ""1773270"": 6, ""1440389"": 1, ""1440401"": 14, ""1773274"": 2, ""1440394"": 20, ""1440380"": 7, ""1440371"": 5, ""1440388"": 13, ""1440397"": 18, ""1440368"": 10, ""1440404"": 11, ""1440383"": 12, ""1773440"": 4, ""1440372"": 19, ""1440399"": 16, ""1773269"": 17, ""1440369"": 9, ""1773278"": 3, ""1773267"": 8, ""1440405"": 6, ""1440395"": 20, ""1440402"": 14, ""1440406"": 11, ""1440396"": 18, ""1440385"": 13, ""1440381"": 7, ""1440400"": 16, ""1440384"": 12, ""1440398"": 20, ""1440403"": 11, ""1440382"": 7}","{""Interior Walls"": 5.0, ""MEP"": 5.0, ""Ceiling"": 5.0, ""Doors"": 5.0, ""Interior Finishes"": 5.0}"
1,102.656,130.596,0,25.0,1,0.001675477834972046,19,"{""1440376"": 14, ""1773270"": 6, ""1440389"": 1, ""1440401"": 13, ""1773274"": 2, ""1440394"": 19, ""1440380"": 7, ""1440371"": 5, ""1440388"": 12, ""1440397"": 17, ""1440368"": 9, ""1440404"": 11, ""1440383"": 10, ""1773440"": 4, ""1440372"": 18, ""1440399"": 15, ""1773269"": 16, ""1440369"": 8, ""1773278"": 3, ""1440405"": 6, ""1440402"": 13, ""1440406"": 11, ""1440395"": 19, ""1440396"": 17, ""1440385"": 12, ""1440381"": 7, ""1440400"": 15, ""1440384"": 10, ""1440398"": 19, ""1773267"": 7, ""1440403"": 11, ""1440382"": 10}","{""Interior Walls"": 5.0, ""MEP"": 5.0, ""Ceiling"": 5.0, ""Doors"": 5.0, ""Interior Finishes"": 5.0}"
1,513.52,646.72,0,5.0,2,inf,20,"{""1440376"": 18, ""1773270"": 7, ""1440389"": 1, ""1440401"": 19, ""1773274"": 2, ""1440394"": 25, ""1440380"": 6, ""1440371"": 5, ""1440388"": 17, ""1440397"": 22, ""1440368"": 12, ""1440404"": 14, ""1440383"": 13, ""1773440"": 4, ""1440372"": 23, ""1440399"": 20, ""1773269"": 21, ""1440369"": 9, ""1773278"": 3, ""1773267"": 8, ""1440381"": 10, ""1440395"": 24, ""1440385"": 15, ""1440405"": 11, ""1440402"": 16, ""1440400"": 19, ""1440403"": 14, ""1440398"": 22, ""1440396"": 24, ""1440406"": 11, ""1440382"": 10, ""1440384"": 15}","{""Interior Walls"": 1, ""MEP"": 1, ""Ceiling"": 1, ""Doors"": 1, ""Interior Finishes"": 1}"
2,429.4,20.0,1,10.0,1,inf,1,"{""1440376"": 1, ""1773270"": 2, ""1440405"": 2, ""1440406"": 2, ""1440399"": 2, ""1440402"": 2, ""1440396"": 2, ""1440403"": 2, ""1440400"": 2, ""1440368"": 1, ""1440395"": 2, ""1440397"": 2, ""1440398"": 2, ""1440383"": 1, ""1440401"": 2, ""1440382"": 1, ""1440404"": 2, ""1440394"": 2, ""1440385"": 1, ""1440384"": 1, ""1440372"": 1, ""1440381"": 1, ""1440371"": 1, ""1440380"": 1, ""1773267"": 1, ""1773269"": 1, ""1773274"": 1, ""1773278"": 1, ""1440388"": 1, ""1440369"": 1, ""1440389"": 1, ""1773440"": 2}","{""Interior Walls"": 2.0, ""MEP"": 2.0, ""Ceiling"": 2.0, ""Doors"": 2.0, ""Interior Finishes"": 2.0}"
2,98.16399999999997,164.20399999999995,0,25.0,1,inf,2,"{""1440376"": 6, ""1773270"": 12, ""1440389"": 17, ""1440401"": 7, ""1773274"": 16, ""1440394"": 1, ""1440380"": 11, ""1440371"": 13, ""1440388"": 8, ""1440397"": 3, ""1440368"": 14, ""1440404"": 9, ""1440383"": 10, ""1773440"": 15, ""1440372"": 2, ""1440399"": 5, ""1773269"": 4, ""1440405"": 12, ""1440402"": 7, ""1440406"": 9, ""1440385"": 8, ""1440396"": 3, ""1440395"": 1, ""1440381"": 11, ""1440369"": 13, ""1440400"": 5, ""1440382"": 10, ""1773278"": 14, ""1440398"": 1, ""1773267"": 11, ""1440403"": 9, ""1440384"": 8}","{""Interior Walls"": 5.0, ""MEP"": 5.0, ""Ceiling"": 5.0, ""Doors"": 5.0, ""Interior Finishes"": 5.0}"
2,494.92,859.12,0,5.0,1,inf,3,"{""1440376"": 4, ""1773270"": 16, ""1440389"": 12, ""1440401"": 10, ""1773274"": 17, ""1440394"": 3, ""1440380"": 9, ""1440371"": 13, ""1440388"": 2, ""1440397"": 5, ""1440368"": 14, ""1440404"": 15, ""1440383"": 7, ""1773440"": 11, ""1440372"": 1, ""1440399"": 8, ""1773269"": 6, ""1440405"": 16, ""1440402"": 10, ""1440406"": 15, ""1440385"": 2, ""1440396"": 5, ""1440395"": 3, ""1440381"": 9, ""1440369"": 13, ""1440400"": 8, ""1440382"": 7, ""1773278"": 14, ""1440398"": 3, ""1773267"": 9, ""1440403"": 15, ""1440384"": 2}","{""Interior Walls"": 1, ""MEP"": 1, ""Ceiling"": 1, ""Doors"": 1, ""Interior Finishes"": 1}"
2,510.52000000000004,637.22,0,5.0,1,inf,4,"{""1440389"": 1, ""1773274"": 3, ""1773278"": 4, ""1773440"": 5, ""1440371"": 6, ""1773270"": 7, ""1773267"": 8, ""1440380"": 9, ""1440381"": 9, ""1440369"": 10, ""1440382"": 11, ""1440405"": 12, ""1440368"": 13, ""1440383"": 14, ""1440403"": 15, ""1440404"": 15, ""1440406"": 15, ""1440384"": 16, ""1440385"": 16, ""1440402"": 17, ""1440388"": 18, ""1440376"": 19, ""1440401"": 20, ""1440400"": 21, ""1440399"": 22, ""1773269"": 23, ""1440372"": 2, ""1440396"": 24, ""1440397"": 24, ""1440394"": 25, ""1440395"": 25, ""1440398"": 25}","{""Interior Walls"": 1, ""MEP"": 1, ""Ceiling"": 1, ""Doors"": 1, ""Interior Finishes"": 1}"
2,621.5000000000001,624.7,4,6.0,1,inf,5,"{""1440376"": 1, ""1440384"": 2, ""1440385"": 2, ""1440388"": 2, ""1440389"": 2, ""1773267"": 2, ""1773269"": 2, ""1773274"": 2, ""1773278"": 2, ""1440368"": 2, ""1440369"": 2, ""1440371"": 2, ""1440372"": 1, ""1440380"": 2, ""1440381"": 2, ""1440382"": 2, ""1440383"": 2, ""1440401"": 3, ""1773440"": 4, ""1440394"": 4, ""1440395"": 4, ""1440396"": 4, ""1440397"": 4, ""1440398"": 4, ""1440399"": 4, ""1440400"": 4, ""1440402"": 4, ""1440403"": 4, ""1440404"": 4, ""1440405"": 4, ""1440406"": 4, ""1773270"": 4}","{""Interior Walls"": 1, ""MEP"": 1, ""Ceiling"": 2.0, ""Doors"": 1, ""Interior Finishes"": 1}"
2,170.48999999999998,61.214999999999996,0,17.0,1,inf,6,"{""1440389"": 1, ""1773274"": 2, ""1773278"": 3, ""1773440"": 4, ""1440371"": 5, ""1440405"": 6, ""1773270"": 6, ""1440380"": 7, ""1440381"": 7, ""1440382"": 7, ""1773267"": 8, ""1440369"": 9, ""1440368"": 10, ""1440403"": 11, ""1440404"": 11, ""1440406"": 11, ""1440384"": 12, ""1440383"": 12, ""1440385"": 13, ""1440388"": 13, ""1440401"": 14, ""1440402"": 14, ""1440376"": 15, ""1440400"": 16, ""1440399"": 16, ""1773269"": 17, ""1440396"": 18, ""1440397"": 18, ""1440372"": 19, ""1440394"": 20, ""1440395"": 20, ""1440398"": 20}","{""Interior Walls"": 5.0, ""MEP"": 4.0, ""Ceiling"": 5.0, ""Doors"": 1, ""Interior Finishes"": 2.0}"
2,313.0799999999999,403.03,0,9.0,1,0.901354328821007,7,"{""1440394"": 1, ""1440395"": 2, ""1440396"": 2, ""1440372"": 3, ""1440397"": 4, ""1440398"": 4, ""1773269"": 5, ""1440399"": 6, ""1440400"": 7, ""1440401"": 7, ""1440376"": 18, ""1440388"": 8, ""1440402"": 9, ""1440384"": 10, ""1440385"": 10, ""1440403"": 11, ""1440404"": 11, ""1440383"": 12, ""1440368"": 13, ""1440406"": 14, ""1440381"": 15, ""1440382"": 15, ""1440369"": 16, ""1440405"": 17, ""1773267"": 18, ""1773270"": 19, ""1440380"": 20, ""1440371"": 21, ""1773440"": 22, ""1773278"": 23, ""1773274"": 24, ""1440389"": 25}","{""Interior Walls"": 2.0, ""MEP"": 2.0, ""Ceiling"": 2.0, ""Doors"": 2.0, ""Interior Finishes"": 1}"
2,402.28000000000003,270.9800000000001,0,7.0,1,0.3934989444517595,8,"{""1440389"": 1, ""1773274"": 2, ""1773440"": 3, ""1440369"": 4, ""1440371"": 4, ""1440368"": 5, ""1773278"": 5, ""1440405"": 6, ""1773270"": 6, ""1773267"": 7, ""1440380"": 7, ""1440381"": 7, ""1440382"": 8, ""1440383"": 8, ""1440403"": 9, ""1440404"": 9, ""1440406"": 9, ""1440384"": 10, ""1440385"": 10, ""1440388"": 10, ""1440401"": 11, ""1440402"": 11, ""1440376"": 12, ""1440400"": 13, ""1440399"": 13, ""1773269"": 14, ""1440396"": 15, ""1440397"": 15, ""1440372"": 16, ""1440394"": 17, ""1440395"": 17, ""1440398"": 17}","{""Interior Walls"": 2.0, ""MEP"": 1, ""Ceiling"": 1, ""Doors"": 2.0, ""Interior Finishes"": 1}"
2,114.43999999999998,169.48000000000002,0,22.0,1,0.3733732603766867,9,"{""1440394"": 1, ""1440395"": 1, ""1440398"": 1, ""1440372"": 2, ""1440396"": 3, ""1440397"": 3, ""1773269"": 4, ""1440400"": 5, ""1440399"": 5, ""1440376"": 6, ""1440401"": 7, ""1440402"": 7, ""1440384"": 8, ""1440385"": 8, ""1440388"": 8, ""1440403"": 9, ""1440404"": 9, ""1440406"": 9, ""1440382"": 10, ""1440383"": 10, ""1773267"": 11, ""1440380"": 11, ""1440381"": 11, ""1440405"": 12, ""1773270"": 12, ""1440369"": 13, ""1440371"": 13, ""1440368"": 14, ""1773278"": 14, ""1773440"": 15, ""1773274"": 16, ""1440389"": 17}","{""Interior Walls"": 5.0, ""MEP"": 5.0, ""Ceiling"": 2, ""Doors"": 5.0, ""Interior Finishes"": 5.0}"
2,219.9766666666667,274.0766666666667,0,11.0,1,0.35074918642303865,10,"{""1773269"": 1, ""1440389"": 2, ""1773274"": 3, ""1773278"": 4, ""1440371"": 5, ""1440380"": 6, ""1440381"": 6, ""1440382"": 6, ""1773267"": 7, ""1440369"": 8, ""1440368"": 9, ""1440384"": 10, ""1440383"": 10, ""1440385"": 11, ""1440388"": 11, ""1440376"": 12, ""1440372"": 13, ""1440405"": 14, ""1773270"": 14, ""1773440"": 15, ""1440403"": 16, ""1440404"": 16, ""1440406"": 16, ""1440401"": 17, ""1440402"": 17, ""1440400"": 18, ""1440399"": 18, ""1440396"": 19, ""1440397"": 19, ""1440394"": 20, ""1440395"": 20, ""1440398"": 20}","{""Interior Walls"": 3.0, ""MEP"": 2.0, ""Ceiling"": 2.0, ""Doors"": 2.0, ""Interior Finishes"": 2.0}"
2,227.74333333333334,256.26000000000005,0,10.0,1,0.3397429393784371,11,"{""1440394"": 1, ""1440395"": 1, ""1440398"": 1, ""1440372"": 2, ""1440396"": 3, ""1440397"": 3, ""1773269"": 4, ""1440400"": 5, ""1440399"": 5, ""1440376"": 6, ""1440401"": 7, ""1440402"": 7, ""1440385"": 8, ""1440388"": 8, ""1440384"": 9, ""1440383"": 9, ""1440403"": 10, ""1440404"": 10, ""1440406"": 10, ""1440368"": 11, ""1440381"": 12, ""1440382"": 12, ""1440369"": 13, ""1773267"": 14, ""1440405"": 15, ""1773270"": 15, ""1440380"": 16, ""1440371"": 17, ""1773440"": 18, ""1773278"": 19, ""1773274"": 20, ""1440389"": 21}","{""Interior Walls"": 3.0, ""MEP"": 2.0, ""Ceiling"": 1, ""Doors"": 2.0, ""Interior Finishes"": 2.0}"
2,165.14,69.83999999999997,0,18.0,1,0.3172941075495437,12,"{""1440389"": 1, ""1773274"": 2, ""1773278"": 3, ""1773440"": 4, ""1440371"": 5, ""1440405"": 6, ""1773270"": 6, ""1440380"": 7, ""1440381"": 7, ""1440382"": 7, ""1773267"": 8, ""1440369"": 9, ""1440368"": 10, ""1440403"": 11, ""1440404"": 11, ""1440406"": 11, ""1440384"": 12, ""1440383"": 12, ""1440385"": 13, ""1440388"": 13, ""1440401"": 14, ""1440402"": 14, ""1440376"": 15, ""1440400"": 16, ""1440399"": 16, ""1773269"": 17, ""1440396"": 18, ""1440397"": 18, ""1440372"": 19, ""1440394"": 20, ""1440395"": 20, ""1440398"": 20}","{""Interior Walls"": 5.0, ""MEP"": 5.0, ""Ceiling"": 5.0, ""Doors"": 1.0, ""Interior Finishes"": 2.0}"
2,182.39000000000001,99.59000000000003,0,14.0,1,0.2787630754349759,13,"{""1440389"": 1, ""1773274"": 2, ""1773278"": 3, ""1773440"": 4, ""1440371"": 5, ""1440405"": 6, ""1773270"": 6, ""1440380"": 7, ""1440381"": 7, ""1773267"": 8, ""1440369"": 9, ""1440382"": 10, ""1440383"": 10, ""1440368"": 11, ""1440403"": 12, ""1440404"": 12, ""1440406"": 12, ""1440384"": 13, ""1440385"": 13, ""1440388"": 13, ""1440401"": 14, ""1440402"": 14, ""1440376"": 15, ""1440400"": 16, ""1440399"": 16, ""1773269"": 17, ""1440396"": 18, ""1440397"": 18, ""1440372"": 19, ""1440394"": 20, ""1440395"": 20, ""1440398"": 20}","{""Interior Walls"": 4.0, ""MEP"": 5.0, ""Ceiling"": 2, ""Doors"": 1, ""Interior Finishes"": 2.0}"
2,505.20000000000005,665.4,0,6.0,1,0.2710321517750218,14,"{""1440389"": 1, ""1773274"": 2, ""1773440"": 3, ""1440369"": 4, ""1440371"": 4, ""1773278"": 5, ""1440368"": 6, ""1773270"": 7, ""1440405"": 8, ""1773267"": 9, ""1440380"": 10, ""1440381"": 10, ""1440383"": 11, ""1440382"": 20, ""1440403"": 12, ""1440404"": 12, ""1440406"": 12, ""1440388"": 13, ""1440384"": 14, ""1440385"": 14, ""1440401"": 15, ""1440402"": 15, ""1440376"": 16, ""1440400"": 17, ""1440399"": 18, ""1773269"": 19, ""1440396"": 21, ""1440397"": 21, ""1440372"": 22, ""1440394"": 23, ""1440395"": 23, ""1440398"": 23}","{""Interior Walls"": 1, ""MEP"": 1, ""Ceiling"": 1, ""Doors"": 2.0, ""Interior Finishes"": 1}"
2,102.56,177.1333333333333,0,23.0,1,0.26200126208955915,15,"{""1440383"": 1, ""1440376"": 2, ""1440389"": 3, ""1773274"": 4, ""1440380"": 5, ""1440371"": 6, ""1440388"": 7, ""1440368"": 8, ""1440372"": 9, ""1773269"": 10, ""1440369"": 11, ""1773278"": 12, ""1773267"": 13, ""1440381"": 14, ""1440384"": 15, ""1440385"": 15, ""1440382"": 16, ""1440402"": 17, ""1773270"": 18, ""1440400"": 19, ""1440401"": 19, ""1440394"": 20, ""1440397"": 21, ""1440403"": 22, ""1440404"": 22, ""1773440"": 23, ""1440399"": 24, ""1440395"": 25, ""1440405"": 26, ""1440406"": 27, ""1440396"": 28, ""1440398"": 29}","{""Interior Walls"": 5.0, ""MEP"": 5.0, ""Ceiling"": 3.0, ""Doors"": 5.0, ""Interior Finishes"": 5.0}"
2,205.04000000000002,122.49000000000002,0,13.0,1,0.2572798657332799,16,"{""1440389"": 1, ""1773274"": 2, ""1773278"": 3, ""1773440"": 4, ""1440371"": 5, ""1440405"": 6, ""1773270"": 6, ""1440380"": 7, ""1440381"": 7, ""1440382"": 7, ""1773267"": 8, ""1440369"": 9, ""1440368"": 10, ""1440403"": 11, ""1440404"": 11, ""1440406"": 11, ""1440384"": 12, ""1440383"": 12, ""1440385"": 13, ""1440388"": 13, ""1440401"": 14, ""1440402"": 14, ""1440376"": 15, ""1440400"": 16, ""1440399"": 16, ""1773269"": 17, ""1440396"": 18, ""1440397"": 18, ""1440372"": 19, ""1440394"": 20, ""1440395"": 20, ""1440398"": 20}","{""Interior Walls"": 5.0, ""MEP"": 2.0, ""Ceiling"": 2.0, ""Doors"": 2.0, ""Interior Finishes"": 2.0}"
2,159.20600000000002,163.89600000000002,0,16.0,1,0.25724649181959974,17,"{""1440389"": 1, ""1773274"": 2, ""1773278"": 3, ""1773440"": 4, ""1440371"": 5, ""1440405"": 6, ""1773270"": 6, ""1773267"": 7, ""1440380"": 7, ""1440381"": 7, ""1440369"": 3, ""1440382"": 8, ""1440383"": 8, ""1440368"": 9, ""1440403"": 10, ""1440404"": 10, ""1440406"": 10, ""1440384"": 11, ""1440385"": 12, ""1440388"": 12, ""1440401"": 13, ""1440402"": 13, ""1440376"": 14, ""1440400"": 15, ""1440399"": 15, ""1773269"": 16, ""1440396"": 17, ""1440397"": 17, ""1440372"": 18, ""1440394"": 19, ""1440395"": 19, ""1440398"": 19}","{""Interior Walls"": 5.0, ""MEP"": 2.0, ""Ceiling"": 2.0, ""Doors"": 2.0, ""Interior Finishes"": 5.0}"
2,509.16,799.86,0,5.0,1,0.19979278182166527,18,"{""1440376"": 25, ""1773270"": 1, ""1440389"": 22, ""1440401"": 10, ""1773274"": 8, ""1440394"": 23, ""1440380"": 24, ""1440371"": 9, ""1440388"": 32, ""1440397"": 16, ""1440368"": 14, ""1440404"": 4, ""1440383"": 29, ""1773440"": 17, ""1440372"": 27, ""1440399"": 13, ""1773269"": 19, ""1440369"": 12, ""1773278"": 6, ""1773267"": 21, ""1440381"": 26, ""1440395"": 20, ""1440385"": 31, ""1440405"": 2, ""1440402"": 7, ""1440406"": 3, ""1440396"": 18, ""1440382"": 28, ""1440398"": 15, ""1440400"": 11, ""1440384"": 30, ""1440403"": 5}","{""Interior Walls"": 1, ""MEP"": 1, ""Ceiling"": 1, ""Doors"": 1, ""Interior Finishes"": 1}"
2,482.82,824.52,0,6.0,1,0.19581841786845666,19,"{""1440394"": 1, ""1440395"": 1, ""1440398"": 1, ""1440372"": 2, ""1440396"": 3, ""1440397"": 3, ""1773269"": 4, ""1440400"": 5, ""1440399"": 5, ""1440376"": 6, ""1440401"": 7, ""1440402"": 7, ""1440384"": 8, ""1440385"": 8, ""1440388"": 8, ""1440403"": 9, ""1440404"": 9, ""1440406"": 9, ""1440382"": 10, ""1440383"": 10, ""1440369"": 11, ""1773267"": 12, ""1440380"": 12, ""1440381"": 12, ""1440368"": 13, ""1773278"": 13, ""1440405"": 14, ""1773270"": 14, ""1440371"": 15, ""1773440"": 16, ""1773274"": 17, ""1440389"": 18}","{""Interior Walls"": 1, ""MEP"": 1, ""Ceiling"": 1, ""Doors"": 2.0, ""Interior Finishes"": 1}"
2,102.70400000000001,129.344,0,25.0,1,0.13217720284134815,20,"{""1440376"": 20, ""1773270"": 7, ""1440389"": 1, ""1440401"": 21, ""1773274"": 2, ""1440394"": 29, ""1440380"": 6, ""1440371"": 5, ""1440388"": 19, ""1440397"": 25, ""1440368"": 14, ""1440404"": 16, ""1440383"": 15, ""1773440"": 4, ""1440372"": 26, ""1440399"": 22, ""1773269"": 23, ""1440369"": 11, ""1773278"": 3, ""1773267"": 9, ""1440381"": 8, ""1440395"": 28, ""1440385"": 17, ""1440405"": 10, ""1440402"": 18, ""1440406"": 13, ""1440396"": 27, ""1440382"": 12, ""1440398"": 24, ""1440403"": 16, ""1440400"": 21, ""1440384"": 17}","{""Interior Walls"": 5.0, ""MEP"": 5.0, ""Ceiling"": 5.0, ""Doors"": 5.0, ""Interior Finishes"": 5.0}"
3,98.16399999999997,164.20399999999995,0,25.0,1,inf,1,"{""1440376"": 6, ""1773270"": 12, ""1440389"": 17, ""1440401"": 7, ""1773274"": 16, ""1440394"": 1, ""1440380"": 11, ""1440371"": 13, ""1440388"": 8, ""1440397"": 3, ""1440368"": 14, ""1440404"": 9, ""1440383"": 10, ""1773440"": 15, ""1440372"": 2, ""1440399"": 5, ""1773269"": 4, ""1440405"": 12, ""1440402"": 7, ""1440406"": 9, ""1440385"": 8, ""1440396"": 3, ""1440395"": 1, ""1440381"": 11, ""1440369"": 13, ""1440400"": 5, ""1440382"": 10, ""1773278"": 14, ""1440398"": 1, ""1773267"": 11, ""1440403"": 9, ""1440384"": 8}","{""Interior Walls"": 5.0, ""MEP"": 5.0, ""Ceiling"": 5.0, ""Doors"": 5.0, ""Interior Finishes"": 5.0}"
3,494.92,859.12,0,5.0,1,inf,2,"{""1440376"": 4, ""1773270"": 16, ""1440389"": 12, ""1440401"": 10, ""1773274"": 17, ""1440394"": 3, ""1440380"": 9, ""1440371"": 13, ""1440388"": 2, ""1440397"": 5, ""1440368"": 14, ""1440404"": 15, ""1440383"": 7, ""1773440"": 11, ""1440372"": 1, ""1440399"": 8, ""1773269"": 6, ""1440405"": 16, ""1440402"": 10, ""1440406"": 15, ""1440385"": 2, ""1440396"": 5, ""1440395"": 3, ""1440381"": 9, ""1440369"": 13, ""1440400"": 8, ""1440382"": 7, ""1773278"": 14, ""1440398"": 3, ""1773267"": 9, ""1440403"": 15, ""1440384"": 2}","{""Interior Walls"": 1, ""MEP"": 1, ""Ceiling"": 1, ""Doors"": 1, ""Interior Finishes"": 1}"
3,510.52000000000004,637.22,0,5.0,1,inf,3,"{""1440389"": 1, ""1773274"": 3, ""1773278"": 4, ""1773440"": 5, ""1440371"": 6, ""1773270"": 7, ""1773267"": 8, ""1440380"": 9, ""1440381"": 9, ""1440369"": 10, ""1440382"": 11, ""1440405"": 12, ""1440368"": 13, ""1440383"": 14, ""1440403"": 15, ""1440404"": 15, ""1440406"": 15, ""1440384"": 16, ""1440385"": 16, ""1440402"": 17, ""1440388"": 18, ""1440376"": 19, ""1440401"": 20, ""1440400"": 21, ""1440399"": 22, ""1773269"": 23, ""1440372"": 2, ""1440396"": 24, ""1440397"": 24, ""1440394"": 25, ""1440395"": 25, ""1440398"": 25}","{""Interior Walls"": 1, ""MEP"": 1, ""Ceiling"": 1, ""Doors"": 1, ""Interior Finishes"": 1}"
3,621.5000000000001,624.7,4,6.0,1,inf,4,"{""1440376"": 1, ""1440384"": 2, ""1440385"": 2, ""1440388"": 2, ""1440389"": 2, ""1773267"": 2, ""1773269"": 2, ""1773274"": 2, ""1773278"": 2, ""1440368"": 2, ""1440369"": 2, ""1440371"": 2, ""1440372"": 1, ""1440380"": 2, ""1440381"": 2, ""1440382"": 2, ""1440383"": 2, ""1440401"": 3, ""1773440"": 4, ""1440394"": 4, ""1440395"": 4, ""1440396"": 4, ""1440397"": 4, ""1440398"": 4, ""1440399"": 4, ""1440400"": 4, ""1440402"": 4, ""1440403"": 4, ""1440404"": 4, ""1440405"": 4, ""1440406"": 4, ""1773270"": 4}","{""Interior Walls"": 1, ""MEP"": 1, ""Ceiling"": 2.0, ""Doors"": 1, ""Interior Finishes"": 1}"
3,170.48999999999998,61.214999999999996,0,17.0,1,inf,5,"{""1440389"": 1, ""1773274"": 2, ""1773278"": 3, ""1773440"": 4, ""1440371"": 5, ""1440405"": 6, ""1773270"": 6, ""1440380"": 7, ""1440381"": 7, ""1440382"": 7, ""1773267"": 8, ""1440369"": 9, ""1440368"": 10, ""1440403"": 11, ""1440404"": 11, ""1440406"": 11, ""1440384"": 12, ""1440383"": 12, ""1440385"": 13, ""1440388"": 13, ""1440401"": 14, ""1440402"": 14, ""1440376"": 15, ""1440400"": 16, ""1440399"": 16, ""1773269"": 17, ""1440396"": 18, ""1440397"": 18, ""1440372"": 19, ""1440394"": 20, ""1440395"": 20, ""1440398"": 20}","{""Interior Walls"": 5.0, ""MEP"": 4.0, ""Ceiling"": 5.0, ""Doors"": 1, ""Interior Finishes"": 2.0}"
3,570.9,0.0,1,10.0,1,inf,6,"{""1440384"": 1, ""1440385"": 1, ""1440388"": 1, ""1440389"": 1, ""1773267"": 1, ""1773269"": 1, ""1773274"": 1, ""1773278"": 1, ""1440368"": 1, ""1440369"": 1, ""1440371"": 1, ""1440372"": 1, ""1440376"": 1, ""1440380"": 1, ""1440381"": 1, ""1440382"": 1, ""1440383"": 1, ""1773440"": 1, ""1440394"": 1, ""1440395"": 1, ""1440396"": 1, ""1440397"": 1, ""1440398"": 1, ""1440399"": 1, ""1440400"": 1, ""1440401"": 1, ""1440402"": 1, ""1440403"": 1, ""1440404"": 1, ""1440405"": 1, ""1440406"": 1, ""1773270"": 1}","{""Interior Walls"": 2.0, ""MEP"": 2.0, ""Ceiling"": 2.0, ""Doors"": 2.0, ""Interior Finishes"": 2.0}"
3,429.4,20.0,1,10.0,1,1.0252650968299364,7,"{""1440376"": 1, ""1773270"": 2, ""1440405"": 2, ""1440406"": 2, ""1440399"": 2, ""1440402"": 2, ""1440396"": 2, ""1440403"": 2, ""1440400"": 2, ""1440368"": 1, ""1440395"": 2, ""1440397"": 2, ""1440398"": 2, ""1440383"": 1, ""1440401"": 2, ""1440382"": 1, ""1440404"": 2, ""1440394"": 2, ""1440385"": 1, ""1440384"": 1, ""1440372"": 1, ""1440381"": 1, ""1440371"": 1, ""1440380"": 1, ""1773267"": 1, ""1773269"": 1, ""1773274"": 1, ""1773278"": 1, ""1440388"": 1, ""1440369"": 1, ""1440389"": 1, ""1773440"": 2}","{""Interior Walls"": 2.0, ""MEP"": 2.0, ""Ceiling"": 2.0, ""Doors"": 2.0, ""Interior Finishes"": 2.0}"
3,313.0799999999999,403.03,0,9.0,1,0.5130211013450672,8,"{""1440394"": 1, ""1440395"": 2, ""1440396"": 2, ""1440372"": 3, ""1440397"": 4, ""1440398"": 4, ""1773269"": 5, ""1440399"": 6, ""1440400"": 7, ""1440401"": 7, ""1440376"": 18, ""1440388"": 8, ""1440402"": 9, ""1440384"": 10, ""1440385"": 10, ""1440403"": 11, ""1440404"": 11, ""1440383"": 12, ""1440368"": 13, ""1440406"": 14, ""1440381"": 15, ""1440382"": 15, ""1440369"": 16, ""1440405"": 17, ""1773267"": 18, ""1773270"": 19, ""1440380"": 20, ""1440371"": 21, ""1773440"": 22, ""1773278"": 23, ""1773274"": 24, ""1440389"": 25}","{""Interior Walls"": 2.0, ""MEP"": 2.0, ""Ceiling"": 2.0, ""Doors"": 2.0, ""Interior Finishes"": 1}"
3,340.5799999999999,532.28,0,8.0,1,0.35545908296620277,9,"{""1440394"": 1, ""1440395"": 2, ""1440396"": 2, ""1440372"": 3, ""1440397"": 4, ""1440398"": 4, ""1773269"": 5, ""1440399"": 6, ""1440400"": 7, ""1440401"": 7, ""1440388"": 8, ""1440402"": 9, ""1440384"": 10, ""1440385"": 10, ""1440403"": 11, ""1440404"": 11, ""1440383"": 23, ""1440368"": 13, ""1440406"": 14, ""1440381"": 15, ""1440382"": 15, ""1440369"": 16, ""1440405"": 17, ""1440376"": 18, ""1773267"": 18, ""1773270"": 19, ""1440380"": 20, ""1440371"": 21, ""1773440"": 22, ""1773278"": 12, ""1773274"": 24, ""1440389"": 25}","{""Interior Walls"": 2.0, ""MEP"": 1, ""Ceiling"": 2.0, ""Doors"": 2.0, ""Interior Finishes"": 1}"
3,219.9766666666667,274.0766666666667,0,11.0,1,0.30763140911899645,10,"{""1773269"": 1, ""1440389"": 2, ""1773274"": 3, ""1773278"": 4, ""1440371"": 5, ""1440380"": 6, ""1440381"": 6, ""1440382"": 6, ""1773267"": 7, ""1440369"": 8, ""1440368"": 9, ""1440384"": 10, ""1440383"": 10, ""1440385"": 11, ""1440388"": 11, ""1440376"": 12, ""1440372"": 13, ""1440405"": 14, ""1773270"": 14, ""1773440"": 15, ""1440403"": 16, ""1440404"": 16, ""1440406"": 16, ""1440401"": 17, ""1440402"": 17, ""1440400"": 18, ""1440399"": 18, ""1440396"": 19, ""1440397"": 19, ""1440394"": 20, ""1440395"": 20, ""1440398"": 20}","{""Interior Walls"": 3.0, ""MEP"": 2.0, ""Ceiling"": 2.0, ""Doors"": 2.0, ""Interior Finishes"": 2.0}"
3,116.164,144.13733333333332,0,19.0,1,0.2764276491808121,11,"{""1440383"": 1, ""1440376"": 2, ""1440389"": 3, ""1773274"": 4, ""1440380"": 5, ""1440371"": 6, ""1440388"": 7, ""1440368"": 8, ""1440372"": 9, ""1773269"": 10, ""1440369"": 11, ""1773278"": 12, ""1773267"": 13, ""1440381"": 14, ""1440384"": 15, ""1440385"": 15, ""1440382"": 16, ""1440402"": 17, ""1773270"": 18, ""1440400"": 19, ""1440401"": 19, ""1440394"": 20, ""1440397"": 21, ""1440403"": 22, ""1440404"": 22, ""1773440"": 23, ""1440399"": 24, ""1440395"": 25, ""1440405"": 26, ""1440406"": 27, ""1440396"": 28, ""1440398"": 29}","{""Interior Walls"": 5.0, ""MEP"": 5.0, ""Ceiling"": 3.0, ""Doors"": 1, ""Interior Finishes"": 5.0}"
3,268.54,214.99,0,11.0,1,0.2698690526528967,12,"{""1440389"": 1, ""1773274"": 2, ""1773278"": 3, ""1773440"": 4, ""1440371"": 5, ""1440405"": 6, ""1773270"": 6, ""1440380"": 7, ""1440381"": 8, ""1440382"": 8, ""1773267"": 7, ""1440369"": 9, ""1440368"": 10, ""1440403"": 11, ""1440404"": 11, ""1440406"": 11, ""1440384"": 12, ""1440383"": 12, ""1440385"": 13, ""1440388"": 13, ""1440401"": 14, ""1440402"": 14, ""1440376"": 15, ""1440400"": 16, ""1440399"": 16, ""1773269"": 17, ""1440396"": 18, ""1440397"": 18, ""1440372"": 19, ""1440394"": 20, ""1440395"": 20, ""1440398"": 20}","{""Interior Walls"": 5.0, ""MEP"": 2.0, ""Ceiling"": 1, ""Doors"": 1, ""Interior Finishes"": 2.0}"
3,402.22,261.9200000000001,0,7.0,1,0.2681961221723993,13,"{""1440389"": 1, ""1773274"": 2, ""1773440"": 3, ""1440369"": 4, ""1440371"": 4, ""1440368"": 5, ""1773278"": 5, ""1440405"": 6, ""1773270"": 6, ""1773267"": 7, ""1440380"": 7, ""1440381"": 7, ""1440382"": 8, ""1440383"": 8, ""1440403"": 9, ""1440404"": 9, ""1440406"": 9, ""1440384"": 10, ""1440385"": 10, ""1440388"": 10, ""1440401"": 11, ""1440402"": 11, ""1440376"": 13, ""1440400"": 12, ""1440399"": 12, ""1773269"": 14, ""1440396"": 15, ""1440397"": 15, ""1440372"": 16, ""1440394"": 17, ""1440395"": 17, ""1440398"": 17}","{""Interior Walls"": 2.0, ""MEP"": 1, ""Ceiling"": 1, ""Doors"": 2.0, ""Interior Finishes"": 1}"
3,159.20600000000002,163.89600000000002,0,16.0,1,0.2668459293575779,14,"{""1440389"": 1, ""1773274"": 2, ""1773278"": 3, ""1773440"": 4, ""1440371"": 5, ""1440405"": 6, ""1773270"": 6, ""1773267"": 7, ""1440380"": 7, ""1440381"": 7, ""1440369"": 3, ""1440382"": 8, ""1440383"": 8, ""1440368"": 9, ""1440403"": 10, ""1440404"": 10, ""1440406"": 10, ""1440384"": 11, ""1440385"": 12, ""1440388"": 12, ""1440401"": 13, ""1440402"": 13, ""1440376"": 14, ""1440400"": 15, ""1440399"": 15, ""1773269"": 16, ""1440396"": 17, ""1440397"": 17, ""1440372"": 18, ""1440394"": 19, ""1440395"": 19, ""1440398"": 19}","{""Interior Walls"": 5.0, ""MEP"": 2.0, ""Ceiling"": 2.0, ""Doors"": 2.0, ""Interior Finishes"": 5.0}"
3,505.20000000000005,665.4,0,6.0,1,0.26652004405218527,15,"{""1440389"": 1, ""1773274"": 2, ""1773440"": 3, ""1440369"": 4, ""1440371"": 4, ""1773278"": 5, ""1440368"": 6, ""1773270"": 7, ""1440405"": 8, ""1773267"": 9, ""1440380"": 10, ""1440381"": 10, ""1440383"": 11, ""1440382"": 20, ""1440403"": 12, ""1440404"": 12, ""1440406"": 12, ""1440388"": 13, ""1440384"": 14, ""1440385"": 14, ""1440401"": 15, ""1440402"": 15, ""1440376"": 16, ""1440400"": 17, ""1440399"": 18, ""1773269"": 19, ""1440396"": 21, ""1440397"": 21, ""1440372"": 22, ""1440394"": 23, ""1440395"": 23, ""1440398"": 23}","{""Interior Walls"": 1, ""MEP"": 1, ""Ceiling"": 1, ""Doors"": 2.0, ""Interior Finishes"": 1}"
3,182.39000000000001,99.59000000000003,0,14.0,1,0.2561831261017953,16,"{""1440389"": 1, ""1773274"": 2, ""1773278"": 3, ""1773440"": 4, ""1440371"": 5, ""1440405"": 6, ""1773270"": 6, ""1440380"": 7, ""1440381"": 7, ""1773267"": 8, ""1440369"": 9, ""1440382"": 10, ""1440383"": 10, ""1440368"": 11, ""1440403"": 12, ""1440404"": 12, ""1440406"": 12, ""1440384"": 13, ""1440385"": 13, ""1440388"": 13, ""1440401"": 14, ""1440402"": 14, ""1440376"": 15, ""1440400"": 16, ""1440399"": 16, ""1773269"": 17, ""1440396"": 18, ""1440397"": 18, ""1440372"": 19, ""1440394"": 20, ""1440395"": 20, ""1440398"": 20}","{""Interior Walls"": 4.0, ""MEP"": 5.0, ""Ceiling"": 2, ""Doors"": 1, ""Interior Finishes"": 2.0}"
3,114.08933333333334,104.296,0,21.0,1,0.2394930717831973,17,"{""1440389"": 1, ""1773274"": 2, ""1773278"": 3, ""1773440"": 4, ""1440371"": 5, ""1773270"": 6, ""1440405"": 7, ""1440382"": 8, ""1440380"": 9, ""1440381"": 10, ""1773267"": 11, ""1440369"": 12, ""1440368"": 13, ""1440403"": 14, ""1440404"": 14, ""1440406"": 15, ""1440383"": 16, ""1440384"": 17, ""1440385"": 17, ""1440388"": 18, ""1440402"": 19, ""1440400"": 20, ""1440401"": 20, ""1440376"": 21, ""1440399"": 22, ""1773269"": 23, ""1440397"": 24, ""1440396"": 25, ""1440372"": 26, ""1440395"": 27, ""1440394"": 28, ""1440398"": 29}","{""Interior Walls"": 5.0, ""MEP"": 3.0, ""Ceiling"": 3.0, ""Doors"": 5.0, ""Interior Finishes"": 5.0}"
3,205.04000000000002,122.49000000000002,0,13.0,1,0.23718352120281436,18,"{""1440389"": 1, ""1773274"": 2, ""1773278"": 3, ""1773440"": 4, ""1440371"": 5, ""1440405"": 6, ""1773270"": 6, ""1440380"": 7, ""1440381"": 7, ""1440382"": 7, ""1773267"": 8, ""1440369"": 9, ""1440368"": 10, ""1440403"": 11, ""1440404"": 11, ""1440406"": 11, ""1440384"": 12, ""1440383"": 12, ""1440385"": 13, ""1440388"": 13, ""1440401"": 14, ""1440402"": 14, ""1440376"": 15, ""1440400"": 16, ""1440399"": 16, ""1773269"": 17, ""1440396"": 18, ""1440397"": 18, ""1440372"": 19, ""1440394"": 20, ""1440395"": 20, ""1440398"": 20}","{""Interior Walls"": 5.0, ""MEP"": 2.0, ""Ceiling"": 2.0, ""Doors"": 2.0, ""Interior Finishes"": 2.0}"
3,352.22999999999996,252.68,0,8.0,1,0.20307864588486496,19,"{""1440389"": 1, ""1773274"": 2, ""1773278"": 3, ""1773440"": 4, ""1440371"": 5, ""1440405"": 6, ""1773270"": 6, ""1440380"": 7, ""1440381"": 7, ""1440382"": 7, ""1773267"": 8, ""1440369"": 9, ""1440368"": 10, ""1440403"": 11, ""1440404"": 11, ""1440406"": 11, ""1440384"": 12, ""1440383"": 12, ""1440385"": 13, ""1440388"": 13, ""1440401"": 14, ""1440402"": 14, ""1440376"": 15, ""1440400"": 16, ""1440399"": 16, ""1773269"": 17, ""1440396"": 18, ""1440397"": 18, ""1440372"": 19, ""1440394"": 20, ""1440395"": 20, ""1440398"": 20}","{""Interior Walls"": 2.0, ""MEP"": 2.0, ""Ceiling"": 1.0, ""Doors"": 2.0, ""Interior Finishes"": 1}"
3,509.16,799.86,0,5.0,1,0.19537832916021816,20,"{""1440376"": 25, ""1773270"": 1, ""1440389"": 22, ""1440401"": 10, ""1773274"": 8, ""1440394"": 23, ""1440380"": 24, ""1440371"": 9, ""1440388"": 32, ""1440397"": 16, ""1440368"": 14, ""1440404"": 4, ""1440383"": 29, ""1773440"": 17, ""1440372"": 27, ""1440399"": 13, ""1773269"": 19, ""1440369"": 12, ""1773278"": 6, ""1773267"": 21, ""1440381"": 26, ""1440395"": 20, ""1440385"": 31, ""1440405"": 2, ""1440402"": 7, ""1440406"": 3, ""1440396"": 18, ""1440382"": 28, ""1440398"": 15, ""1440400"": 11, ""1440384"": 30, ""1440403"": 5}","{""Interior Walls"": 1, ""MEP"": 1, ""Ceiling"": 1, ""Doors"": 1, ""Interior Finishes"": 1}"
4,98.16399999999997,164.20399999999995,0,25.0,1,inf,1,"{""1440376"": 6, ""1773270"": 12, ""1440389"": 17, ""1440401"": 7, ""1773274"": 16, ""1440394"": 1, ""1440380"": 11, ""1440371"": 13, ""1440388"": 8, ""1440397"": 3, ""1440368"": 14, ""1440404"": 9, ""1440383"": 10, ""1773440"": 15, ""1440372"": 2, ""1440399"": 5, ""1773269"": 4, ""1440405"": 12, ""1440402"": 7, ""1440406"": 9, ""1440385"": 8, ""1440396"": 3, ""1440395"": 1, ""1440381"": 11, ""1440369"": 13, ""1440400"": 5, ""1440382"": 10, ""1773278"": 14, ""1440398"": 1, ""1773267"": 11, ""1440403"": 9, ""1440384"": 8}","{""Interior Walls"": 5.0, ""MEP"": 5.0, ""Ceiling"": 5.0, ""Doors"": 5.0, ""Interior Finishes"": 5.0}"
4,494.92,859.12,0,5.0,1,inf,2,"{""1440376"": 4, ""1773270"": 16, ""1440389"": 12, ""1440401"": 10, ""1773274"": 17, ""1440394"": 3, ""1440380"": 9, ""1440371"": 13, ""1440388"": 2, ""1440397"": 5, ""1440368"": 14, ""1440404"": 15, ""1440383"": 7, ""1773440"": 11, ""1440372"": 1, ""1440399"": 8, ""1773269"": 6, ""1440405"": 16, ""1440402"": 10, ""1440406"": 15, ""1440385"": 2, ""1440396"": 5, ""1440395"": 3, ""1440381"": 9, ""1440369"": 13, ""1440400"": 8, ""1440382"": 7, ""1773278"": 14, ""1440398"": 3, ""1773267"": 9, ""1440403"": 15, ""1440384"": 2}","{""Interior Walls"": 1, ""MEP"": 1, ""Ceiling"": 1, ""Doors"": 1, ""Interior Finishes"": 1}"
4,510.52000000000004,637.22,0,5.0,1,inf,3,"{""1440389"": 1, ""1773274"": 3, ""1773278"": 4, ""1773440"": 5, ""1440371"": 6, ""1773270"": 7, ""1773267"": 8, ""1440380"": 9, ""1440381"": 9, ""1440369"": 10, ""1440382"": 11, ""1440405"": 12, ""1440368"": 13, ""1440383"": 14, ""1440403"": 15, ""1440404"": 15, ""1440406"": 15, ""1440384"": 16, ""1440385"": 16, ""1440402"": 17, ""1440388"": 18, ""1440376"": 19, ""1440401"": 20, ""1440400"": 21, ""1440399"": 22, ""1773269"": 23, ""1440372"": 2, ""1440396"": 24, ""1440397"": 24, ""1440394"": 25, ""1440395"": 25, ""1440398"": 25}","{""Interior Walls"": 1, ""MEP"": 1, ""Ceiling"": 1, ""Doors"": 1, ""Interior Finishes"": 1}"
4,170.48999999999998,61.214999999999996,0,17.0,1,inf,4,"{""1440389"": 1, ""1773274"": 2, ""1773278"": 3, ""1773440"": 4, ""1440371"": 5, ""1440405"": 6, ""1773270"": 6, ""1440380"": 7, ""1440381"": 7, ""1440382"": 7, ""1773267"": 8, ""1440369"": 9, ""1440368"": 10, ""1440403"": 11, ""1440404"": 11, ""1440406"": 11, ""1440384"": 12, ""1440383"": 12, ""1440385"": 13, ""1440388"": 13, ""1440401"": 14, ""1440402"": 14, ""1440376"": 15, ""1440400"": 16, ""1440399"": 16, ""1773269"": 17, ""1440396"": 18, ""1440397"": 18, ""1440372"": 19, ""1440394"": 20, ""1440395"": 20, ""1440398"": 20}","{""Interior Walls"": 5.0, ""MEP"": 4.0, ""Ceiling"": 5.0, ""Doors"": 1, ""Interior Finishes"": 2.0}"
4,570.9,0.0,1,10.0,1,inf,5,"{""1440384"": 1, ""1440385"": 1, ""1440388"": 1, ""1440389"": 1, ""1773267"": 1, ""1773269"": 1, ""1773274"": 1, ""1773278"": 1, ""1440368"": 1, ""1440369"": 1, ""1440371"": 1, ""1440372"": 1, ""1440376"": 1, ""1440380"": 1, ""1440381"": 1, ""1440382"": 1, ""1440383"": 1, ""1773440"": 1, ""1440394"": 1, ""1440395"": 1, ""1440396"": 1, ""1440397"": 1, ""1440398"": 1, ""1440399"": 1, ""1440400"": 1, ""1440401"": 1, ""1440402"": 1, ""1440403"": 1, ""1440404"": 1, ""1440405"": 1, ""1440406"": 1, ""1773270"": 1}","{""Interior Walls"": 2.0, ""MEP"": 2.0, ""Ceiling"": 2.0, ""Doors"": 2.0, ""Interior Finishes"": 2.0}"
4,429.4,20.0,1,10.0,1,inf,6,"{""1440376"": 1, ""1773270"": 2, ""1440405"": 2, ""1440406"": 2, ""1440399"": 2, ""1440402"": 2, ""1440396"": 2, ""1440403"": 2, ""1440400"": 2, ""1440368"": 1, ""1440395"": 2, ""1440397"": 2, ""1440398"": 2, ""1440383"": 1, ""1440401"": 2, ""1440382"": 1, ""1440404"": 2, ""1440394"": 2, ""1440385"": 1, ""1440384"": 1, ""1440372"": 1, ""1440381"": 1, ""1440371"": 1, ""1440380"": 1, ""1773267"": 1, ""1773269"": 1, ""1773274"": 1, ""1773278"": 1, ""1440388"": 1, ""1440369"": 1, ""1440389"": 1, ""1773440"": 2}","{""Interior Walls"": 2.0, ""MEP"": 2.0, ""Ceiling"": 2.0, ""Doors"": 2.0, ""Interior Finishes"": 2.0}"
4,259.22,337.56999999999994,0,10.0,1,0.41616521148961355,7,"{""1440389"": 1, ""1773274"": 2, ""1440369"": 3, ""1440371"": 3, ""1440368"": 4, ""1773278"": 4, ""1773267"": 5, ""1440380"": 5, ""1440381"": 5, ""1440382"": 6, ""1440383"": 6, ""1440384"": 7, ""1440385"": 7, ""1440388"": 7, ""1440376"": 8, ""1773269"": 9, ""1440372"": 10, ""1773440"": 11, ""1440405"": 12, ""1773270"": 12, ""1440403"": 13, ""1440404"": 13, ""1440406"": 13, ""1440401"": 14, ""1440402"": 14, ""1440400"": 15, ""1440399"": 15, ""1440396"": 16, ""1440397"": 16, ""1440394"": 17, ""1440395"": 17, ""1440398"": 17}","{""Interior Walls"": 2.0, ""MEP"": 2.0, ""Ceiling"": 2.0, ""Doors"": 2.0, ""Interior Finishes"": 2.0}"
4,340.5799999999999,532.28,0,8.0,1,0.39910493475187764,8,"{""1440394"": 1, ""1440395"": 2, ""1440396"": 2, ""1440372"": 3, ""1440397"": 4, ""1440398"": 4, ""1773269"": 5, ""1440399"": 6, ""1440400"": 7, ""1440401"": 7, ""1440388"": 8, ""1440402"": 9, ""1440384"": 10, ""1440385"": 10, ""1440403"": 11, ""1440404"": 11, ""1440383"": 23, ""1440368"": 13, ""1440406"": 14, ""1440381"": 15, ""1440382"": 15, ""1440369"": 16, ""1440405"": 17, ""1440376"": 18, ""1773267"": 18, ""1773270"": 19, ""1440380"": 20, ""1440371"": 21, ""1773440"": 22, ""1773278"": 12, ""1773274"": 24, ""1440389"": 25}","{""Interior Walls"": 2.0, ""MEP"": 1, ""Ceiling"": 2.0, ""Doors"": 2.0, ""Interior Finishes"": 1}"
4,402.22,261.9200000000001,0,7.0,1,0.36205162773798394,9,"{""1440389"": 1, ""1773274"": 2, ""1773440"": 3, ""1440369"": 4, ""1440371"": 4, ""1440368"": 5, ""1773278"": 5, ""1440405"": 6, ""1773270"": 6, ""1773267"": 7, ""1440380"": 7, ""1440381"": 7, ""1440382"": 8, ""1440383"": 8, ""1440403"": 9, ""1440404"": 9, ""1440406"": 9, ""1440384"": 10, ""1440385"": 10, ""1440388"": 10, ""1440401"": 11, ""1440402"": 11, ""1440376"": 13, ""1440400"": 12, ""1440399"": 12, ""1773269"": 14, ""1440396"": 15, ""1440397"": 15, ""1440372"": 16, ""1440394"": 17, ""1440395"": 17, ""1440398"": 17}","{""Interior Walls"": 2.0, ""MEP"": 1, ""Ceiling"": 1, ""Doors"": 2.0, ""Interior Finishes"": 1}"
4,113.67866666666666,103.352,0,21.0,1,0.3552292699097388,10,"{""1440389"": 1, ""1773274"": 2, ""1773440"": 3, ""1440405"": 4, ""1773270"": 4, ""1440368"": 5, ""1773278"": 5, ""1440369"": 6, ""1440371"": 6, ""1773267"": 7, ""1440380"": 7, ""1440381"": 7, ""1440382"": 8, ""1440383"": 8, ""1440403"": 9, ""1440404"": 9, ""1440406"": 9, ""1440384"": 10, ""1440385"": 10, ""1440388"": 10, ""1440401"": 11, ""1440402"": 11, ""1440400"": 12, ""1440399"": 12, ""1440376"": 13, ""1773269"": 14, ""1440396"": 15, ""1440397"": 15, ""1440372"": 16, ""1440394"": 17, ""1440395"": 17, ""1440398"": 17}","{""Interior Walls"": 5.0, ""MEP"": 3.0, ""Ceiling"": 3.0, ""Doors"": 5.0, ""Interior Finishes"": 5.0}"
4,215.14000000000001,183.74,0,11.0,1,0.3551625467222889,11,"{""1440371"": 1, ""1440389"": 2, ""1773274"": 3, ""1773278"": 4, ""1773440"": 5, ""1440405"": 6, ""1773270"": 6, ""1440380"": 7, ""1440381"": 7, ""1773267"": 8, ""1440369"": 4, ""1440382"": 9, ""1440383"": 9, ""1440368"": 10, ""1440403"": 11, ""1440404"": 11, ""1440406"": 11, ""1440384"": 12, ""1440385"": 12, ""1440388"": 12, ""1440401"": 13, ""1440402"": 13, ""1440376"": 14, ""1440400"": 15, ""1440399"": 15, ""1773269"": 16, ""1440396"": 17, ""1440397"": 17, ""1440372"": 18, ""1440394"": 19, ""1440395"": 19, ""1440398"": 19}","{""Interior Walls"": 4.0, ""MEP"": 2.0, ""Ceiling"": 2.0, ""Doors"": 1, ""Interior Finishes"": 2.0}"
4,313.0799999999999,403.03,0,9.0,1,0.32594208032491084,12,"{""1440394"": 1, ""1440395"": 2, ""1440396"": 2, ""1440372"": 3, ""1440397"": 4, ""1440398"": 4, ""1773269"": 5, ""1440399"": 6, ""1440400"": 7, ""1440401"": 7, ""1440376"": 18, ""1440388"": 8, ""1440402"": 9, ""1440384"": 10, ""1440385"": 10, ""1440403"": 11, ""1440404"": 11, ""1440383"": 12, ""1440368"": 13, ""1440406"": 14, ""1440381"": 15, ""1440382"": 15, ""1440369"": 16, ""1440405"": 17, ""1773267"": 18, ""1773270"": 19, ""1440380"": 20, ""1440371"": 21, ""1773440"": 22, ""1773278"": 23, ""1773274"": 24, ""1440389"": 25}","{""Interior Walls"": 2.0, ""MEP"": 2.0, ""Ceiling"": 2.0, ""Doors"": 2.0, ""Interior Finishes"": 1}"
4,510.52000000000004,637.22,0,5.0,1,0.31703455670428354,13,"{""1440389"": 1, ""1440372"": 2, ""1773274"": 3, ""1773278"": 4, ""1773440"": 5, ""1440371"": 6, ""1773267"": 7, ""1440380"": 8, ""1440381"": 8, ""1440405"": 9, ""1773270"": 9, ""1440369"": 10, ""1440382"": 11, ""1440368"": 12, ""1440383"": 13, ""1440403"": 14, ""1440404"": 14, ""1440406"": 14, ""1440384"": 15, ""1440385"": 15, ""1440402"": 16, ""1440388"": 17, ""1440376"": 18, ""1440401"": 19, ""1440400"": 20, ""1440399"": 21, ""1773269"": 22, ""1440396"": 23, ""1440397"": 23, ""1440394"": 24, ""1440395"": 24, ""1440398"": 24}","{""Interior Walls"": 1, ""MEP"": 1, ""Ceiling"": 1, ""Doors"": 1, ""Interior Finishes"": 1}"
4,509.16,799.86,0,5.0,1,0.28765531777554265,14,"{""1440376"": 25, ""1773270"": 1, ""1440389"": 22, ""1440401"": 10, ""1773274"": 8, ""1440394"": 23, ""1440380"": 24, ""1440371"": 9, ""1440388"": 32, ""1440397"": 16, ""1440368"": 14, ""1440404"": 4, ""1440383"": 29, ""1773440"": 17, ""1440372"": 27, ""1440399"": 13, ""1773269"": 19, ""1440369"": 12, ""1773278"": 6, ""1773267"": 21, ""1440381"": 26, ""1440395"": 20, ""1440385"": 31, ""1440405"": 2, ""1440402"": 7, ""1440406"": 3, ""1440396"": 18, ""1440382"": 28, ""1440398"": 15, ""1440400"": 11, ""1440384"": 30, ""1440403"": 5}","{""Interior Walls"": 1, ""MEP"": 1, ""Ceiling"": 1, ""Doors"": 1, ""Interior Finishes"": 1}"
4,102.656,130.59599999999995,0,25.0,1,0.254677294552528,15,"{""1440389"": 1, ""1773274"": 2, ""1773440"": 3, ""1440405"": 10, ""1773270"": 10, ""1440368"": 4, ""1773278"": 4, ""1440369"": 5, ""1440371"": 5, ""1773267"": 6, ""1440380"": 6, ""1440381"": 6, ""1440382"": 7, ""1440383"": 7, ""1440403"": 8, ""1440404"": 8, ""1440406"": 8, ""1440384"": 9, ""1440385"": 9, ""1440388"": 9, ""1440401"": 11, ""1440402"": 11, ""1440376"": 12, ""1440400"": 13, ""1440399"": 13, ""1773269"": 14, ""1440396"": 15, ""1440397"": 15, ""1440372"": 16, ""1440394"": 17, ""1440395"": 17, ""1440398"": 17}","{""Interior Walls"": 5.0, ""MEP"": 5.0, ""Ceiling"": 5.0, ""Doors"": 5.0, ""Interior Finishes"": 5.0}"
4,205.04000000000002,122.49000000000002,0,13.0,1,0.2509890859467608,16,"{""1440389"": 1, ""1773274"": 2, ""1773278"": 3, ""1773440"": 4, ""1440371"": 5, ""1440405"": 6, ""1773270"": 6, ""1440380"": 7, ""1440381"": 7, ""1440382"": 7, ""1773267"": 8, ""1440369"": 9, ""1440368"": 10, ""1440403"": 11, ""1440404"": 11, ""1440406"": 11, ""1440384"": 12, ""1440383"": 12, ""1440385"": 13, ""1440388"": 13, ""1440401"": 14, ""1440402"": 14, ""1440376"": 15, ""1440400"": 16, ""1440399"": 16, ""1773269"": 17, ""1440396"": 18, ""1440397"": 18, ""1440372"": 19, ""1440394"": 20, ""1440395"": 20, ""1440398"": 20}","{""Interior Walls"": 5.0, ""MEP"": 2.0, ""Ceiling"": 2.0, ""Doors"": 2.0, ""Interior Finishes"": 2.0}"
4,484.80000000000007,856.0,0,6.0,1,0.2456867576466677,17,"{""1440383"": 1, ""1440376"": 2, ""1440389"": 3, ""1773274"": 4, ""1440380"": 5, ""1440371"": 6, ""1440388"": 7, ""1440368"": 8, ""1440372"": 9, ""1773269"": 10, ""1440369"": 11, ""1773278"": 12, ""1773267"": 13, ""1440381"": 14, ""1440384"": 15, ""1440385"": 15, ""1440382"": 16, ""1440402"": 17, ""1773270"": 18, ""1440400"": 19, ""1440401"": 19, ""1440394"": 20, ""1440397"": 21, ""1440403"": 22, ""1440404"": 22, ""1773440"": 27, ""1440399"": 26, ""1440395"": 25, ""1440405"": 24, ""1440406"": 23, ""1440396"": 28, ""1440398"": 29}","{""Interior Walls"": 1, ""MEP"": 1, ""Ceiling"": 2.0, ""Doors"": 1, ""Interior Finishes"": 1}"
4,116.164,144.13733333333332,0,19.0,1,0.21950172401720494,18,"{""1440383"": 1, ""1440376"": 2, ""1440389"": 3, ""1773274"": 4, ""1440380"": 5, ""1440371"": 6, ""1440388"": 7, ""1440368"": 8, ""1440372"": 9, ""1773269"": 10, ""1440369"": 11, ""1773278"": 12, ""1773267"": 13, ""1440381"": 14, ""1440384"": 15, ""1440385"": 15, ""1440382"": 16, ""1440402"": 17, ""1773270"": 18, ""1440400"": 19, ""1440401"": 19, ""1440394"": 20, ""1440397"": 21, ""1440403"": 22, ""1440404"": 22, ""1773440"": 23, ""1440399"": 24, ""1440395"": 25, ""1440405"": 26, ""1440406"": 27, ""1440396"": 28, ""1440398"": 29}","{""Interior Walls"": 5.0, ""MEP"": 5.0, ""Ceiling"": 3.0, ""Doors"": 1, ""Interior Finishes"": 5.0}"
4,182.39000000000001,99.59000000000003,0,14.0,1,0.21288405315032044,19,"{""1440389"": 1, ""1773274"": 2, ""1773278"": 3, ""1773440"": 4, ""1440371"": 5, ""1440405"": 6, ""1773270"": 6, ""1440380"": 7, ""1440381"": 7, ""1773267"": 8, ""1440369"": 9, ""1440382"": 10, ""1440383"": 10, ""1440368"": 11, ""1440403"": 12, ""1440404"": 12, ""1440406"": 12, ""1440384"": 13, ""1440385"": 13, ""1440388"": 13, ""1440401"": 14, ""1440402"": 14, ""1440376"": 15, ""1440400"": 16, ""1440399"": 16, ""1773269"": 17, ""1440396"": 18, ""1440397"": 18, ""1440372"": 19, ""1440394"": 20, ""1440395"": 20, ""1440398"": 20}","{""Interior Walls"": 4.0, ""MEP"": 5.0, ""Ceiling"": 2, ""Doors"": 1, ""Interior Finishes"": 2.0}"
4,352.22999999999996,252.68,0,8.0,1,0.20357641692956735,20,"{""1440389"": 1, ""1773274"": 2, ""1773278"": 3, ""1773440"": 4, ""1440371"": 5, ""1440405"": 6, ""1773270"": 6, ""1440380"": 7, ""1440381"": 7, ""1440382"": 7, ""1773267"": 8, ""1440369"": 9, ""1440368"": 10, ""1440403"": 11, ""1440404"": 11, ""1440406"": 11, ""1440384"": 12, ""1440383"": 12, ""1440385"": 13, ""1440388"": 13, ""1440401"": 14, ""1440402"": 14, ""1440376"": 15, ""1440400"": 16, ""1440399"": 16, ""1773269"": 17, ""1440396"": 18, ""1440397"": 18, ""1440372"": 19, ""1440394"": 20, ""1440395"": 20, ""1440398"": 20}","{""Interior Walls"": 2.0, ""MEP"": 2.0, ""Ceiling"": 1.0, ""Doors"": 2.0, ""Interior Finishes"": 1}"
5,494.92,859.12,0,5.0,1,inf,1,"{""1440376"": 4, ""1773270"": 16, ""1440389"": 12, ""1440401"": 10, ""1773274"": 17, ""1440394"": 3, ""1440380"": 9, ""1440371"": 13, ""1440388"": 2, ""1440397"": 5, ""1440368"": 14, ""1440404"": 15, ""1440383"": 7, ""1773440"": 11, ""1440372"": 1, ""1440399"": 8, ""1773269"": 6, ""1440405"": 16, ""1440402"": 10, ""1440406"": 15, ""1440385"": 2, ""1440396"": 5, ""1440395"": 3, ""1440381"": 9, ""1440369"": 13, ""1440400"": 8, ""1440382"": 7, ""1773278"": 14, ""1440398"": 3, ""1773267"": 9, ""1440403"": 15, ""1440384"": 2}","{""Interior Walls"": 1, ""MEP"": 1, ""Ceiling"": 1, ""Doors"": 1, ""Interior Finishes"": 1}"
5,510.52000000000004,637.22,0,5.0,1,inf,2,"{""1440389"": 1, ""1773274"": 3, ""1773278"": 4, ""1773440"": 5, ""1440371"": 6, ""1773270"": 7, ""1773267"": 8, ""1440380"": 9, ""1440381"": 9, ""1440369"": 10, ""1440382"": 11, ""1440405"": 12, ""1440368"": 13, ""1440383"": 14, ""1440403"": 15, ""1440404"": 15, ""1440406"": 15, ""1440384"": 16, ""1440385"": 16, ""1440402"": 17, ""1440388"": 18, ""1440376"": 19, ""1440401"": 20, ""1440400"": 21, ""1440399"": 22, ""1773269"": 23, ""1440372"": 2, ""1440396"": 24, ""1440397"": 24, ""1440394"": 25, ""1440395"": 25, ""1440398"": 25}","{""Interior Walls"": 1, ""MEP"": 1, ""Ceiling"": 1, ""Doors"": 1, ""Interior Finishes"": 1}"
5,170.48999999999998,61.214999999999996,0,17.0,1,inf,3,"{""1440389"": 1, ""1773274"": 2, ""1773278"": 3, ""1773440"": 4, ""1440371"": 5, ""1440405"": 6, ""1773270"": 6, ""1440380"": 7, ""1440381"": 7, ""1440382"": 7, ""1773267"": 8, ""1440369"": 9, ""1440368"": 10, ""1440403"": 11, ""1440404"": 11, ""1440406"": 11, ""1440384"": 12, ""1440383"": 12, ""1440385"": 13, ""1440388"": 13, ""1440401"": 14, ""1440402"": 14, ""1440376"": 15, ""1440400"": 16, ""1440399"": 16, ""1773269"": 17, ""1440396"": 18, ""1440397"": 18, ""1440372"": 19, ""1440394"": 20, ""1440395"": 20, ""1440398"": 20}","{""Interior Walls"": 5.0, ""MEP"": 4.0, ""Ceiling"": 5.0, ""Doors"": 1, ""Interior Finishes"": 2.0}"
5,570.9,0.0,1,10.0,1,inf,4,"{""1440384"": 1, ""1440385"": 1, ""1440388"": 1, ""1440389"": 1, ""1773267"": 1, ""1773269"": 1, ""1773274"": 1, ""1773278"": 1, ""1440368"": 1, ""1440369"": 1, ""1440371"": 1, ""1440372"": 1, ""1440376"": 1, ""1440380"": 1, ""1440381"": 1, ""1440382"": 1, ""1440383"": 1, ""1773440"": 1, ""1440394"": 1, ""1440395"": 1, ""1440396"": 1, ""1440397"": 1, ""1440398"": 1, ""1440399"": 1, ""1440400"": 1, ""1440401"": 1, ""1440402"": 1, ""1440403"": 1, ""1440404"": 1, ""1440405"": 1, ""1440406"": 1, ""1773270"": 1}","{""Interior Walls"": 2.0, ""MEP"": 2.0, ""Ceiling"": 2.0, ""Doors"": 2.0, ""Interior Finishes"": 2.0}"
5,429.4,20.0,1,10.0,1,inf,5,"{""1440376"": 1, ""1773270"": 2, ""1440405"": 2, ""1440406"": 2, ""1440399"": 2, ""1440402"": 2, ""1440396"": 2, ""1440403"": 2, ""1440400"": 2, ""1440368"": 1, ""1440395"": 2, ""1440397"": 2, ""1440398"": 2, ""1440383"": 1, ""1440401"": 2, ""1440382"": 1, ""1440404"": 2, ""1440394"": 2, ""1440385"": 1, ""1440384"": 1, ""1440372"": 1, ""1440381"": 1, ""1440371"": 1, ""1440380"": 1, ""1773267"": 1, ""1773269"": 1, ""1773274"": 1, ""1773278"": 1, ""1440388"": 1, ""1440369"": 1, ""1440389"": 1, ""1773440"": 2}","{""Interior Walls"": 2.0, ""MEP"": 2.0, ""Ceiling"": 2.0, ""Doors"": 2.0, ""Interior Finishes"": 2.0}"
5,98.03599999999997,164.07599999999994,0,25.0,1,inf,6,"{""1440394"": 1, ""1440395"": 1, ""1440398"": 1, ""1440372"": 3, ""1440396"": 4, ""1440397"": 4, ""1773269"": 5, ""1440400"": 6, ""1440399"": 6, ""1440376"": 7, ""1440401"": 8, ""1440402"": 8, ""1440384"": 9, ""1440385"": 9, ""1440388"": 9, ""1440403"": 10, ""1440404"": 10, ""1440406"": 10, ""1440382"": 11, ""1440383"": 11, ""1773267"": 12, ""1440380"": 12, ""1440381"": 12, ""1440405"": 2, ""1773270"": 2, ""1440369"": 13, ""1440371"": 13, ""1440368"": 14, ""1773278"": 14, ""1773440"": 15, ""1773274"": 16, ""1440389"": 17}","{""Interior Walls"": 5.0, ""MEP"": 5.0, ""Ceiling"": 5.0, ""Doors"": 5.0, ""Interior Finishes"": 5.0}"
5,259.22,337.56999999999994,0,10.0,1,0.4516285399641212,7,"{""1440389"": 1, ""1773274"": 2, ""1440369"": 3, ""1440371"": 3, ""1440368"": 4, ""1773278"": 4, ""1773267"": 5, ""1440380"": 5, ""1440381"": 5, ""1440382"": 6, ""1440383"": 6, ""1440384"": 7, ""1440385"": 7, ""1440388"": 7, ""1440376"": 8, ""1773269"": 9, ""1440372"": 10, ""1773440"": 11, ""1440405"": 12, ""1773270"": 12, ""1440403"": 13, ""1440404"": 13, ""1440406"": 13, ""1440401"": 14, ""1440402"": 14, ""1440400"": 15, ""1440399"": 15, ""1440396"": 14, ""1440397"": 14, ""1440394"": 16, ""1440395"": 16, ""1440398"": 16}","{""Interior Walls"": 2.0, ""MEP"": 2.0, ""Ceiling"": 2.0, ""Doors"": 2.0, ""Interior Finishes"": 2.0}"
5,402.22,261.9200000000001,0,7.0,1,0.3691796981159573,8,"{""1440389"": 1, ""1773274"": 2, ""1773440"": 3, ""1440369"": 4, ""1440371"": 4, ""1440368"": 5, ""1773278"": 5, ""1440405"": 6, ""1773270"": 6, ""1773267"": 7, ""1440380"": 7, ""1440381"": 7, ""1440382"": 8, ""1440383"": 8, ""1440403"": 9, ""1440404"": 9, ""1440406"": 9, ""1440384"": 10, ""1440385"": 10, ""1440388"": 10, ""1440401"": 11, ""1440402"": 11, ""1440376"": 13, ""1440400"": 12, ""1440399"": 12, ""1773269"": 14, ""1440396"": 15, ""1440397"": 15, ""1440372"": 16, ""1440394"": 17, ""1440395"": 17, ""1440398"": 17}","{""Interior Walls"": 2.0, ""MEP"": 1, ""Ceiling"": 1, ""Doors"": 2.0, ""Interior Finishes"": 1}"
5,113.67866666666666,103.352,0,21.0,1,0.3552215351630749,9,"{""1440389"": 1, ""1773274"": 2, ""1773440"": 3, ""1440405"": 4, ""1773270"": 4, ""1440368"": 5, ""1773278"": 5, ""1440369"": 6, ""1440371"": 6, ""1773267"": 7, ""1440380"": 7, ""1440381"": 7, ""1440382"": 8, ""1440383"": 8, ""1440403"": 9, ""1440404"": 9, ""1440406"": 9, ""1440384"": 10, ""1440385"": 10, ""1440388"": 10, ""1440401"": 11, ""1440402"": 11, ""1440400"": 12, ""1440399"": 12, ""1440376"": 13, ""1773269"": 14, ""1440396"": 15, ""1440397"": 15, ""1440372"": 16, ""1440394"": 17, ""1440395"": 17, ""1440398"": 17}","{""Interior Walls"": 5.0, ""MEP"": 3.0, ""Ceiling"": 3.0, ""Doors"": 5.0, ""Interior Finishes"": 5.0}"
5,116.164,144.13733333333332,0,19.0,1,0.3543571509630833,10,"{""1440383"": 1, ""1440376"": 2, ""1440389"": 3, ""1773274"": 4, ""1440380"": 5, ""1440371"": 6, ""1440388"": 7, ""1440368"": 8, ""1440372"": 9, ""1773269"": 10, ""1440369"": 11, ""1773278"": 12, ""1773267"": 13, ""1440381"": 14, ""1440384"": 15, ""1440385"": 15, ""1440382"": 16, ""1440402"": 17, ""1773270"": 18, ""1440400"": 19, ""1440401"": 19, ""1440394"": 20, ""1440397"": 21, ""1440403"": 22, ""1440404"": 22, ""1773440"": 23, ""1440399"": 24, ""1440395"": 25, ""1440405"": 26, ""1440406"": 27, ""1440396"": 28, ""1440398"": 29}","{""Interior Walls"": 5.0, ""MEP"": 5.0, ""Ceiling"": 3.0, ""Doors"": 1, ""Interior Finishes"": 5.0}"
5,182.39000000000001,99.59000000000003,0,14.0,1,0.32211210464580486,11,"{""1440389"": 1, ""1773274"": 2, ""1773278"": 3, ""1773440"": 4, ""1440371"": 5, ""1440405"": 6, ""1773270"": 6, ""1440380"": 7, ""1440381"": 7, ""1773267"": 8, ""1440369"": 9, ""1440382"": 10, ""1440383"": 10, ""1440368"": 11, ""1440403"": 12, ""1440404"": 12, ""1440406"": 12, ""1440384"": 13, ""1440385"": 13, ""1440388"": 13, ""1440401"": 14, ""1440402"": 14, ""1440376"": 15, ""1440400"": 16, ""1440399"": 16, ""1773269"": 17, ""1440396"": 18, ""1440397"": 18, ""1440372"": 19, ""1440394"": 20, ""1440395"": 20, ""1440398"": 20}","{""Interior Walls"": 4.0, ""MEP"": 5.0, ""Ceiling"": 2, ""Doors"": 1, ""Interior Finishes"": 2.0}"
5,340.01000000000005,236.45999999999998,0,8.0,1,0.2977259170340845,12,"{""1440394"": 1, ""1440395"": 1, ""1440398"": 1, ""1440389"": 2, ""1773274"": 3, ""1773278"": 10, ""1773440"": 5, ""1440371"": 6, ""1773270"": 7, ""1773267"": 8, ""1440380"": 9, ""1440381"": 9, ""1440369"": 4, ""1440382"": 11, ""1440405"": 12, ""1440368"": 13, ""1440383"": 14, ""1440403"": 15, ""1440404"": 15, ""1440406"": 15, ""1440384"": 16, ""1440385"": 16, ""1440402"": 17, ""1440388"": 18, ""1440376"": 19, ""1440401"": 20, ""1440400"": 21, ""1440399"": 22, ""1773269"": 23, ""1440372"": 24, ""1440396"": 25, ""1440397"": 25}","{""Interior Walls"": 2.0, ""MEP"": 2.0, ""Ceiling"": 1, ""Doors"": 2.0, ""Interior Finishes"": 1}"
5,307.85,326.55,0,9.0,1,0.28323676029011036,13,"{""1440394"": 1, ""1440395"": 2, ""1440396"": 2, ""1440372"": 3, ""1440397"": 4, ""1440398"": 4, ""1773269"": 5, ""1440399"": 6, ""1440400"": 7, ""1440401"": 7, ""1440388"": 8, ""1440402"": 9, ""1440384"": 10, ""1440385"": 10, ""1440403"": 11, ""1440404"": 11, ""1440383"": 12, ""1440368"": 13, ""1440406"": 14, ""1440381"": 15, ""1440382"": 15, ""1440369"": 16, ""1440405"": 17, ""1440376"": 26, ""1773267"": 18, ""1773270"": 19, ""1440380"": 20, ""1440371"": 21, ""1773440"": 22, ""1773278"": 23, ""1773274"": 24, ""1440389"": 25}","{""Interior Walls"": 2.0, ""MEP"": 2.0, ""Ceiling"": 2.0, ""Doors"": 2.0, ""Interior Finishes"": 1}"
5,502.28000000000003,665.4799999999999,0,6.0,1,0.26942435854089875,14,"{""1440389"": 1, ""1440372"": 2, ""1773274"": 3, ""1773440"": 4, ""1773267"": 5, ""1440380"": 5, ""1440381"": 5, ""1440369"": 6, ""1440371"": 6, ""1440368"": 7, ""1773278"": 7, ""1440405"": 8, ""1773270"": 8, ""1440382"": 9, ""1440383"": 9, ""1440403"": 10, ""1440404"": 10, ""1440406"": 10, ""1440384"": 11, ""1440385"": 11, ""1440388"": 11, ""1440401"": 12, ""1440402"": 12, ""1440376"": 13, ""1440400"": 14, ""1440399"": 14, ""1773269"": 15, ""1440396"": 16, ""1440397"": 16, ""1440394"": 17, ""1440395"": 17, ""1440398"": 17}","{""Interior Walls"": 1, ""MEP"": 1, ""Ceiling"": 1, ""Doors"": 2, ""Interior Finishes"": 1}"
5,102.656,130.59599999999995,0,25.0,1,0.25827778936674495,15,"{""1440389"": 1, ""1773274"": 2, ""1773440"": 3, ""1440405"": 10, ""1773270"": 10, ""1440368"": 4, ""1773278"": 4, ""1440369"": 5, ""1440371"": 5, ""1773267"": 6, ""1440380"": 6, ""1440381"": 6, ""1440382"": 7, ""1440383"": 7, ""1440403"": 8, ""1440404"": 8, ""1440406"": 8, ""1440384"": 9, ""1440385"": 9, ""1440388"": 9, ""1440401"": 11, ""1440402"": 11, ""1440376"": 12, ""1440400"": 13, ""1440399"": 13, ""1773269"": 14, ""1440396"": 15, ""1440397"": 15, ""1440372"": 16, ""1440394"": 17, ""1440395"": 17, ""1440398"": 17}","{""Interior Walls"": 5.0, ""MEP"": 5.0, ""Ceiling"": 5.0, ""Doors"": 5.0, ""Interior Finishes"": 5.0}"
5,484.80000000000007,856.0,0,6.0,1,0.257537482638421,16,"{""1440383"": 1, ""1440376"": 2, ""1440389"": 3, ""1773274"": 4, ""1440380"": 5, ""1440371"": 6, ""1440388"": 7, ""1440368"": 8, ""1440372"": 9, ""1773269"": 10, ""1440369"": 11, ""1773278"": 12, ""1773267"": 13, ""1440381"": 14, ""1440384"": 15, ""1440385"": 15, ""1440382"": 16, ""1440402"": 17, ""1773270"": 18, ""1440400"": 19, ""1440401"": 19, ""1440394"": 20, ""1440397"": 21, ""1440403"": 22, ""1440404"": 22, ""1773440"": 27, ""1440399"": 26, ""1440395"": 25, ""1440405"": 24, ""1440406"": 23, ""1440396"": 28, ""1440398"": 29}","{""Interior Walls"": 1, ""MEP"": 1, ""Ceiling"": 2.0, ""Doors"": 1, ""Interior Finishes"": 1}"
5,509.16,799.86,0,5.0,1,0.23918753194864853,17,"{""1440376"": 25, ""1773270"": 1, ""1440389"": 22, ""1440401"": 10, ""1773274"": 8, ""1440394"": 23, ""1440380"": 24, ""1440371"": 9, ""1440388"": 32, ""1440397"": 16, ""1440368"": 14, ""1440404"": 4, ""1440383"": 29, ""1773440"": 17, ""1440372"": 27, ""1440399"": 13, ""1773269"": 19, ""1440369"": 12, ""1773278"": 6, ""1773267"": 21, ""1440381"": 26, ""1440395"": 20, ""1440385"": 31, ""1440405"": 2, ""1440402"": 7, ""1440406"": 3, ""1440396"": 18, ""1440382"": 28, ""1440398"": 15, ""1440400"": 11, ""1440384"": 30, ""1440403"": 5}","{""Interior Walls"": 1, ""MEP"": 1, ""Ceiling"": 1, ""Doors"": 1, ""Interior Finishes"": 1}"
5,328.10999999999996,305.31000000000006,0,8.0,1,0.1932392387512416,18,"{""1440394"": 22, ""1440395"": 22, ""1440398"": 22, ""1440396"": 1, ""1440397"": 1, ""1440372"": 2, ""1773269"": 3, ""1440399"": 4, ""1440400"": 5, ""1440401"": 6, ""1440388"": 7, ""1440402"": 8, ""1440384"": 9, ""1440385"": 9, ""1440403"": 10, ""1440404"": 10, ""1440406"": 10, ""1440383"": 11, ""1440368"": 12, ""1440381"": 13, ""1440382"": 13, ""1440369"": 14, ""1440405"": 15, ""1773267"": 16, ""1440376"": 17, ""1773270"": 18, ""1440380"": 19, ""1440371"": 20, ""1773440"": 21, ""1773278"": 23, ""1773274"": 24, ""1440389"": 25}","{""Interior Walls"": 2.0, ""MEP"": 2.0, ""Ceiling"": 1, ""Doors"": 2.0, ""Interior Finishes"": 1}"
5,205.04000000000002,122.49000000000002,0,13.0,1,0.1703873675018237,19,"{""1440389"": 1, ""1773274"": 2, ""1773278"": 3, ""1773440"": 4, ""1440371"": 5, ""1440405"": 6, ""1773270"": 6, ""1440380"": 7, ""1440381"": 7, ""1440382"": 7, ""1773267"": 8, ""1440369"": 9, ""1440368"": 10, ""1440403"": 11, ""1440404"": 11, ""1440406"": 11, ""1440384"": 12, ""1440383"": 12, ""1440385"": 13, ""1440388"": 13, ""1440401"": 14, ""1440402"": 14, ""1440376"": 15, ""1440400"": 16, ""1440399"": 16, ""1773269"": 17, ""1440396"": 18, ""1440397"": 18, ""1440372"": 19, ""1440394"": 20, ""1440395"": 20, ""1440398"": 20}","{""Interior Walls"": 5.0, ""MEP"": 2.0, ""Ceiling"": 2.0, ""Doors"": 2.0, ""Interior Finishes"": 2.0}"
5,217.64000000000001,159.98999999999998,0,11.0,1,0.16642743608228078,20,"{""1440371"": 1, ""1440389"": 2, ""1773274"": 3, ""1440369"": 4, ""1773278"": 4, ""1773440"": 5, ""1440405"": 6, ""1773270"": 6, ""1440380"": 7, ""1440381"": 7, ""1773267"": 8, ""1440382"": 9, ""1440383"": 9, ""1440368"": 1, ""1440403"": 10, ""1440404"": 10, ""1440406"": 10, ""1440384"": 11, ""1440385"": 11, ""1440388"": 11, ""1440401"": 12, ""1440402"": 12, ""1440376"": 13, ""1440400"": 14, ""1440399"": 14, ""1773269"": 15, ""1440396"": 16, ""1440397"": 16, ""1440372"": 17, ""1440394"": 18, ""1440395"": 18, ""1440398"": 18}","{""Interior Walls"": 4.0, ""MEP"": 2.0, ""Ceiling"": 2.0, ""Doors"": 1, ""Interior Finishes"": 2.0}"
6,494.92,859.12,0,5.0,1,inf,1,"{""1440376"": 4, ""1773270"": 16, ""1440389"": 12, ""1440401"": 10, ""1773274"": 17, ""1440394"": 3, ""1440380"": 9, ""1440371"": 13, ""1440388"": 2, ""1440397"": 5, ""1440368"": 14, ""1440404"": 15, ""1440383"": 7, ""1773440"": 11, ""1440372"": 1, ""1440399"": 8, ""1773269"": 6, ""1440405"": 16, ""1440402"": 10, ""1440406"": 15, ""1440385"": 2, ""1440396"": 5, ""1440395"": 3, ""1440381"": 9, ""1440369"": 13, ""1440400"": 8, ""1440382"": 7, ""1773278"": 14, ""1440398"": 3, ""1773267"": 9, ""1440403"": 15, ""1440384"": 2}","{""Interior Walls"": 1, ""MEP"": 1, ""Ceiling"": 1, ""Doors"": 1, ""Interior Finishes"": 1}"
6,510.52000000000004,637.22,0,5.0,1,inf,2,"{""1440389"": 1, ""1773274"": 3, ""1773278"": 4, ""1773440"": 5, ""1440371"": 6, ""1773270"": 7, ""1773267"": 8, ""1440380"": 9, ""1440381"": 9, ""1440369"": 10, ""1440382"": 11, ""1440405"": 12, ""1440368"": 13, ""1440383"": 14, ""1440403"": 15, ""1440404"": 15, ""1440406"": 15, ""1440384"": 16, ""1440385"": 16, ""1440402"": 17, ""1440388"": 18, ""1440376"": 19, ""1440401"": 20, ""1440400"": 21, ""1440399"": 22, ""1773269"": 23, ""1440372"": 2, ""1440396"": 24, ""1440397"": 24, ""1440394"": 25, ""1440395"": 25, ""1440398"": 25}","{""Interior Walls"": 1, ""MEP"": 1, ""Ceiling"": 1, ""Doors"": 1, ""Interior Finishes"": 1}"
6,570.9,0.0,1,10.0,1,inf,3,"{""1440384"": 1, ""1440385"": 1, ""1440388"": 1, ""1440389"": 1, ""1773267"": 1, ""1773269"": 1, ""1773274"": 1, ""1773278"": 1, ""1440368"": 1, ""1440369"": 1, ""1440371"": 1, ""1440372"": 1, ""1440376"": 1, ""1440380"": 1, ""1440381"": 1, ""1440382"": 1, ""1440383"": 1, ""1773440"": 1, ""1440394"": 1, ""1440395"": 1, ""1440396"": 1, ""1440397"": 1, ""1440398"": 1, ""1440399"": 1, ""1440400"": 1, ""1440401"": 1, ""1440402"": 1, ""1440403"": 1, ""1440404"": 1, ""1440405"": 1, ""1440406"": 1, ""1773270"": 1}","{""Interior Walls"": 2.0, ""MEP"": 2.0, ""Ceiling"": 2.0, ""Doors"": 2.0, ""Interior Finishes"": 2.0}"
6,98.03599999999997,164.07599999999994,0,25.0,1,inf,4,"{""1440394"": 1, ""1440395"": 1, ""1440398"": 1, ""1440372"": 3, ""1440396"": 4, ""1440397"": 4, ""1773269"": 5, ""1440400"": 6, ""1440399"": 6, ""1440376"": 7, ""1440401"": 8, ""1440402"": 8, ""1440384"": 9, ""1440385"": 9, ""1440388"": 9, ""1440403"": 10, ""1440404"": 10, ""1440406"": 10, ""1440382"": 11, ""1440383"": 11, ""1773267"": 12, ""1440380"": 12, ""1440381"": 12, ""1440405"": 2, ""1773270"": 2, ""1440369"": 13, ""1440371"": 13, ""1440368"": 14, ""1773278"": 14, ""1773440"": 15, ""1773274"": 16, ""1440389"": 17}","{""Interior Walls"": 5.0, ""MEP"": 5.0, ""Ceiling"": 5.0, ""Doors"": 5.0, ""Interior Finishes"": 5.0}"
6,400.9,24.0,5,10.0,1,inf,5,"{""1440384"": 1, ""1440385"": 2, ""1773440"": 2, ""1440388"": 2, ""1440389"": 1, ""1440394"": 2, ""1440395"": 1, ""1440396"": 1, ""1440397"": 1, ""1440398"": 1, ""1440399"": 2, ""1440400"": 2, ""1440401"": 2, ""1440402"": 2, ""1440403"": 1, ""1440404"": 2, ""1440405"": 1, ""1440406"": 2, ""1773267"": 1, ""1773269"": 1, ""1773270"": 1, ""1773274"": 1, ""1773278"": 2, ""1440368"": 2, ""1440369"": 1, ""1440371"": 2, ""1440372"": 1, ""1440376"": 1, ""1440380"": 1, ""1440381"": 2, ""1440382"": 2, ""1440383"": 2}","{""Interior Walls"": 2.0, ""MEP"": 2.0, ""Ceiling"": 2.0, ""Doors"": 2.0, ""Interior Finishes"": 2.0}"
6,168.74,59.465,0,17.0,1,inf,6,"{""1440389"": 1, ""1773274"": 2, ""1773278"": 3, ""1773440"": 4, ""1440371"": 5, ""1440405"": 6, ""1773270"": 6, ""1440380"": 7, ""1440381"": 7, ""1440382"": 7, ""1773267"": 8, ""1440369"": 3, ""1440368"": 9, ""1440403"": 10, ""1440404"": 10, ""1440406"": 10, ""1440384"": 11, ""1440383"": 11, ""1440385"": 12, ""1440388"": 12, ""1440401"": 13, ""1440402"": 13, ""1440376"": 14, ""1440400"": 15, ""1440399"": 15, ""1773269"": 16, ""1440396"": 17, ""1440397"": 17, ""1440372"": 18, ""1440394"": 19, ""1440395"": 19, ""1440398"": 19}","{""Interior Walls"": 5.0, ""MEP"": 4.0, ""Ceiling"": 5.0, ""Doors"": 1, ""Interior Finishes"": 2.0}"
6,429.4,20.0,1,10.0,1,1.002573512839983,7,"{""1440376"": 1, ""1773270"": 2, ""1440405"": 2, ""1440406"": 2, ""1440399"": 2, ""1440402"": 2, ""1440396"": 2, ""1440403"": 2, ""1440400"": 2, ""1440368"": 1, ""1440395"": 2, ""1440397"": 2, ""1440398"": 2, ""1440383"": 1, ""1440401"": 2, ""1440382"": 1, ""1440404"": 2, ""1440394"": 2, ""1440385"": 1, ""1440384"": 1, ""1440372"": 1, ""1440381"": 1, ""1440371"": 1, ""1440380"": 1, ""1773267"": 1, ""1773269"": 1, ""1773274"": 1, ""1773278"": 1, ""1440388"": 1, ""1440369"": 1, ""1440389"": 1, ""1773440"": 2}","{""Interior Walls"": 2.0, ""MEP"": 2.0, ""Ceiling"": 2.0, ""Doors"": 2.0, ""Interior Finishes"": 2.0}"
6,269.5566666666667,331.98999999999995,0,9.0,1,0.5118051033948622,8,"{""1440389"": 1, ""1773274"": 2, ""1773278"": 3, ""1773440"": 4, ""1440371"": 5, ""1440405"": 6, ""1773270"": 6, ""1440380"": 7, ""1440381"": 7, ""1440382"": 7, ""1773267"": 8, ""1440369"": 9, ""1440368"": 10, ""1440403"": 11, ""1440404"": 11, ""1440406"": 11, ""1440384"": 12, ""1440383"": 12, ""1440385"": 13, ""1440388"": 13, ""1440401"": 14, ""1440402"": 14, ""1440376"": 15, ""1440400"": 16, ""1440399"": 16, ""1773269"": 17, ""1440396"": 18, ""1440397"": 18, ""1440372"": 19, ""1440394"": 20, ""1440395"": 20, ""1440398"": 20}","{""Interior Walls"": 2.0, ""MEP"": 3.0, ""Ceiling"": 1, ""Doors"": 1, ""Interior Finishes"": 2.0}"
6,116.164,144.13733333333332,0,19.0,1,0.35164883172823636,9,"{""1440383"": 1, ""1440376"": 2, ""1440389"": 3, ""1773274"": 4, ""1440380"": 5, ""1440371"": 6, ""1440388"": 7, ""1440368"": 8, ""1440372"": 9, ""1773269"": 10, ""1440369"": 11, ""1773278"": 12, ""1773267"": 13, ""1440381"": 14, ""1440384"": 15, ""1440385"": 15, ""1440382"": 16, ""1440402"": 17, ""1773270"": 18, ""1440400"": 19, ""1440401"": 19, ""1440394"": 20, ""1440397"": 21, ""1440403"": 22, ""1440404"": 22, ""1773440"": 23, ""1440399"": 24, ""1440395"": 25, ""1440405"": 26, ""1440406"": 27, ""1440396"": 28, ""1440398"": 29}","{""Interior Walls"": 5.0, ""MEP"": 5.0, ""Ceiling"": 3.0, ""Doors"": 1, ""Interior Finishes"": 5.0}"
6,182.39000000000001,99.59000000000003,0,14.0,1,0.32419967861847154,10,"{""1440389"": 1, ""1773274"": 2, ""1773278"": 3, ""1773440"": 4, ""1440371"": 5, ""1440405"": 6, ""1773270"": 6, ""1440380"": 7, ""1440381"": 7, ""1773267"": 8, ""1440369"": 9, ""1440382"": 10, ""1440383"": 10, ""1440368"": 11, ""1440403"": 12, ""1440404"": 12, ""1440406"": 12, ""1440384"": 13, ""1440385"": 13, ""1440388"": 13, ""1440401"": 14, ""1440402"": 14, ""1440376"": 15, ""1440400"": 16, ""1440399"": 16, ""1773269"": 17, ""1440396"": 18, ""1440397"": 18, ""1440372"": 19, ""1440394"": 20, ""1440395"": 20, ""1440398"": 20}","{""Interior Walls"": 4.0, ""MEP"": 5.0, ""Ceiling"": 2, ""Doors"": 1, ""Interior Finishes"": 2.0}"
6,340.01000000000005,236.45999999999998,0,8.0,1,0.31782295383729536,11,"{""1440394"": 1, ""1440395"": 1, ""1440398"": 1, ""1440389"": 2, ""1773274"": 3, ""1773278"": 10, ""1773440"": 5, ""1440371"": 6, ""1773270"": 7, ""1773267"": 8, ""1440380"": 9, ""1440381"": 9, ""1440369"": 4, ""1440382"": 11, ""1440405"": 12, ""1440368"": 13, ""1440383"": 14, ""1440403"": 15, ""1440404"": 15, ""1440406"": 15, ""1440384"": 16, ""1440385"": 16, ""1440402"": 17, ""1440388"": 18, ""1440376"": 19, ""1440401"": 20, ""1440400"": 21, ""1440399"": 22, ""1773269"": 23, ""1440372"": 24, ""1440396"": 25, ""1440397"": 25}","{""Interior Walls"": 2.0, ""MEP"": 2.0, ""Ceiling"": 1, ""Doors"": 2.0, ""Interior Finishes"": 1}"
6,217.64000000000001,159.98999999999998,0,11.0,1,0.281611505920543,12,"{""1440371"": 1, ""1440389"": 2, ""1773274"": 3, ""1440369"": 4, ""1773278"": 4, ""1773440"": 5, ""1440405"": 6, ""1773270"": 6, ""1440380"": 7, ""1440381"": 7, ""1773267"": 8, ""1440382"": 9, ""1440383"": 9, ""1440368"": 1, ""1440403"": 10, ""1440404"": 10, ""1440406"": 10, ""1440384"": 11, ""1440385"": 11, ""1440388"": 11, ""1440401"": 12, ""1440402"": 12, ""1440376"": 13, ""1440400"": 14, ""1440399"": 14, ""1773269"": 15, ""1440396"": 16, ""1440397"": 16, ""1440372"": 17, ""1440394"": 18, ""1440395"": 18, ""1440398"": 18}","{""Interior Walls"": 4.0, ""MEP"": 2.0, ""Ceiling"": 2.0, ""Doors"": 1, ""Interior Finishes"": 2.0}"
6,498.52000000000004,653.7199999999999,0,6.0,1,0.26942435854089875,13,"{""1440389"": 1, ""1440372"": 2, ""1773274"": 3, ""1773278"": 4, ""1773440"": 5, ""1440371"": 6, ""1773270"": 7, ""1773267"": 8, ""1440380"": 9, ""1440381"": 9, ""1440369"": 10, ""1440382"": 11, ""1440405"": 12, ""1440368"": 13, ""1440383"": 14, ""1440404"": 15, ""1440406"": 16, ""1440403"": 17, ""1440384"": 18, ""1440385"": 18, ""1440402"": 19, ""1440388"": 20, ""1440376"": 21, ""1440401"": 22, ""1440400"": 23, ""1440399"": 24, ""1773269"": 25, ""1440396"": 26, ""1440397"": 26, ""1440394"": 27, ""1440395"": 28, ""1440398"": 29}","{""Interior Walls"": 1, ""MEP"": 1, ""Ceiling"": 2, ""Doors"": 1, ""Interior Finishes"": 1}"
6,509.16,799.86,0,5.0,1,0.2608275036361256,14,"{""1440376"": 25, ""1773270"": 1, ""1440389"": 22, ""1440401"": 10, ""1773274"": 8, ""1440394"": 23, ""1440380"": 24, ""1440371"": 9, ""1440388"": 32, ""1440397"": 16, ""1440368"": 14, ""1440404"": 4, ""1440383"": 29, ""1773440"": 17, ""1440372"": 27, ""1440399"": 13, ""1773269"": 19, ""1440369"": 12, ""1773278"": 6, ""1773267"": 21, ""1440381"": 26, ""1440395"": 20, ""1440385"": 31, ""1440405"": 2, ""1440402"": 7, ""1440406"": 3, ""1440396"": 18, ""1440382"": 28, ""1440398"": 15, ""1440400"": 11, ""1440384"": 30, ""1440403"": 5}","{""Interior Walls"": 1, ""MEP"": 1, ""Ceiling"": 1, ""Doors"": 1, ""Interior Finishes"": 1}"
6,484.80000000000007,856.0,0,6.0,1,0.257537482638421,15,"{""1440383"": 1, ""1440376"": 2, ""1440389"": 3, ""1773274"": 4, ""1440380"": 5, ""1440371"": 6, ""1440388"": 7, ""1440368"": 8, ""1440372"": 9, ""1773269"": 10, ""1440369"": 11, ""1773278"": 12, ""1773267"": 13, ""1440381"": 14, ""1440384"": 15, ""1440385"": 15, ""1440382"": 16, ""1440402"": 17, ""1773270"": 18, ""1440400"": 19, ""1440401"": 19, ""1440394"": 20, ""1440397"": 21, ""1440403"": 22, ""1440404"": 22, ""1773440"": 27, ""1440399"": 26, ""1440395"": 25, ""1440405"": 24, ""1440406"": 23, ""1440396"": 28, ""1440398"": 29}","{""Interior Walls"": 1, ""MEP"": 1, ""Ceiling"": 2.0, ""Doors"": 1, ""Interior Finishes"": 1}"
6,205.04000000000002,122.49000000000002,0,13.0,1,0.2568485682603858,16,"{""1440389"": 1, ""1773274"": 2, ""1773278"": 3, ""1773440"": 4, ""1440371"": 5, ""1440405"": 6, ""1773270"": 6, ""1440380"": 7, ""1440381"": 7, ""1440382"": 7, ""1773267"": 8, ""1440369"": 9, ""1440368"": 10, ""1440403"": 11, ""1440404"": 11, ""1440406"": 11, ""1440384"": 12, ""1440383"": 12, ""1440385"": 13, ""1440388"": 13, ""1440401"": 14, ""1440402"": 14, ""1440376"": 15, ""1440400"": 16, ""1440399"": 16, ""1773269"": 17, ""1440396"": 18, ""1440397"": 18, ""1440372"": 19, ""1440394"": 20, ""1440395"": 20, ""1440398"": 20}","{""Interior Walls"": 5.0, ""MEP"": 2.0, ""Ceiling"": 2.0, ""Doors"": 2.0, ""Interior Finishes"": 2.0}"
6,102.656,130.59599999999995,0,25.0,1,0.25649856038476854,17,"{""1440389"": 1, ""1773274"": 2, ""1773440"": 3, ""1440405"": 10, ""1773270"": 10, ""1440368"": 4, ""1773278"": 4, ""1440369"": 5, ""1440371"": 5, ""1773267"": 6, ""1440380"": 6, ""1440381"": 6, ""1440382"": 7, ""1440383"": 7, ""1440403"": 8, ""1440404"": 8, ""1440406"": 8, ""1440384"": 9, ""1440385"": 9, ""1440388"": 9, ""1440401"": 11, ""1440402"": 11, ""1440376"": 12, ""1440400"": 13, ""1440399"": 13, ""1773269"": 14, ""1440396"": 15, ""1440397"": 15, ""1440372"": 16, ""1440394"": 17, ""1440395"": 17, ""1440398"": 17}","{""Interior Walls"": 5.0, ""MEP"": 5.0, ""Ceiling"": 5.0, ""Doors"": 5.0, ""Interior Finishes"": 5.0}"
6,112.83733333333335,102.84400000000002,0,21.0,1,0.24824443342184987,18,"{""1440389"": 1, ""1773274"": 2, ""1773440"": 3, ""1440405"": 15, ""1773270"": 15, ""1440368"": 5, ""1773278"": 5, ""1440369"": 6, ""1440371"": 6, ""1773267"": 7, ""1440380"": 7, ""1440381"": 7, ""1440382"": 8, ""1440383"": 8, ""1440403"": 9, ""1440404"": 9, ""1440406"": 9, ""1440384"": 10, ""1440385"": 10, ""1440388"": 10, ""1440401"": 11, ""1440402"": 11, ""1440400"": 12, ""1440399"": 12, ""1440376"": 13, ""1773269"": 14, ""1440396"": 4, ""1440397"": 4, ""1440372"": 16, ""1440394"": 17, ""1440395"": 17, ""1440398"": 17}","{""Interior Walls"": 5.0, ""MEP"": 3.0, ""Ceiling"": 3.0, ""Doors"": 5.0, ""Interior Finishes"": 5.0}"
6,402.22,261.9200000000001,0,7.0,1,0.232569815657324,19,"{""1440389"": 1, ""1773274"": 2, ""1773440"": 3, ""1440369"": 4, ""1440371"": 4, ""1440368"": 5, ""1773278"": 5, ""1440405"": 6, ""1773270"": 6, ""1773267"": 7, ""1440380"": 7, ""1440381"": 7, ""1440382"": 8, ""1440383"": 8, ""1440403"": 9, ""1440404"": 9, ""1440406"": 9, ""1440384"": 10, ""1440385"": 10, ""1440388"": 10, ""1440401"": 11, ""1440402"": 11, ""1440376"": 13, ""1440400"": 12, ""1440399"": 12, ""1773269"": 14, ""1440396"": 15, ""1440397"": 15, ""1440372"": 16, ""1440394"": 17, ""1440395"": 17, ""1440398"": 17}","{""Interior Walls"": 2.0, ""MEP"": 1, ""Ceiling"": 1, ""Doors"": 2.0, ""Interior Finishes"": 1}"
6,307.85,326.55,0,9.0,1,0.1963384129537808,20,"{""1440394"": 1, ""1440395"": 2, ""1440396"": 2, ""1440372"": 3, ""1440397"": 4, ""1440398"": 4, ""1773269"": 5, ""1440399"": 6, ""1440400"": 7, ""1440401"": 7, ""1440388"": 8, ""1440402"": 9, ""1440384"": 10, ""1440385"": 10, ""1440403"": 11, ""1440404"": 11, ""1440383"": 12, ""1440368"": 13, ""1440406"": 14, ""1440381"": 15, ""1440382"": 15, ""1440369"": 16, ""1440405"": 17, ""1440376"": 26, ""1773267"": 18, ""1773270"": 19, ""1440380"": 20, ""1440371"": 21, ""1773440"": 22, ""1773278"": 23, ""1773274"": 24, ""1440389"": 25}","{""Interior Walls"": 2.0, ""MEP"": 2.0, ""Ceiling"": 2.0, ""Doors"": 2.0, ""Interior Finishes"": 1}"
7,494.92,859.12,0,5.0,1,inf,1,"{""1440376"": 4, ""1773270"": 16, ""1440389"": 12, ""1440401"": 10, ""1773274"": 17, ""1440394"": 3, ""1440380"": 9, ""1440371"": 13, ""1440388"": 2, ""1440397"": 5, ""1440368"": 14, ""1440404"": 15, ""1440383"": 7, ""1773440"": 11, ""1440372"": 1, ""1440399"": 8, ""1773269"": 6, ""1440405"": 16, ""1440402"": 10, ""1440406"": 15, ""1440385"": 2, ""1440396"": 5, ""1440395"": 3, ""1440381"": 9, ""1440369"": 13, ""1440400"": 8, ""1440382"": 7, ""1773278"": 14, ""1440398"": 3, ""1773267"": 9, ""1440403"": 15, ""1440384"": 2}","{""Interior Walls"": 1, ""MEP"": 1, ""Ceiling"": 1, ""Doors"": 1, ""Interior Finishes"": 1}"
7,570.9,0.0,1,10.0,1,inf,2,"{""1440384"": 1, ""1440385"": 1, ""1440388"": 1, ""1440389"": 1, ""1773267"": 1, ""1773269"": 1, ""1773274"": 1, ""1773278"": 1, ""1440368"": 1, ""1440369"": 1, ""1440371"": 1, ""1440372"": 1, ""1440376"": 1, ""1440380"": 1, ""1440381"": 1, ""1440382"": 1, ""1440383"": 1, ""1773440"": 1, ""1440394"": 1, ""1440395"": 1, ""1440396"": 1, ""1440397"": 1, ""1440398"": 1, ""1440399"": 1, ""1440400"": 1, ""1440401"": 1, ""1440402"": 1, ""1440403"": 1, ""1440404"": 1, ""1440405"": 1, ""1440406"": 1, ""1773270"": 1}","{""Interior Walls"": 2.0, ""MEP"": 2.0, ""Ceiling"": 2.0, ""Doors"": 2.0, ""Interior Finishes"": 2.0}"
7,98.03599999999997,164.07599999999994,0,25.0,1,inf,3,"{""1440394"": 1, ""1440395"": 1, ""1440398"": 1, ""1440372"": 3, ""1440396"": 4, ""1440397"": 4, ""1773269"": 5, ""1440400"": 6, ""1440399"": 6, ""1440376"": 7, ""1440401"": 8, ""1440402"": 8, ""1440384"": 9, ""1440385"": 9, ""1440388"": 9, ""1440403"": 10, ""1440404"": 10, ""1440406"": 10, ""1440382"": 11, ""1440383"": 11, ""1773267"": 12, ""1440380"": 12, ""1440381"": 12, ""1440405"": 2, ""1773270"": 2, ""1440369"": 13, ""1440371"": 13, ""1440368"": 14, ""1773278"": 14, ""1773440"": 15, ""1773274"": 16, ""1440389"": 17}","{""Interior Walls"": 5.0, ""MEP"": 5.0, ""Ceiling"": 5.0, ""Doors"": 5.0, ""Interior Finishes"": 5.0}"
7,510.02000000000004,635.22,0,5.0,1,inf,4,"{""1440389"": 1, ""1440372"": 2, ""1773274"": 3, ""1773440"": 4, ""1440369"": 5, ""1440371"": 5, ""1440368"": 6, ""1773278"": 6, ""1773267"": 7, ""1440380"": 7, ""1440381"": 7, ""1440405"": 8, ""1773270"": 8, ""1440382"": 9, ""1440383"": 9, ""1440403"": 10, ""1440404"": 10, ""1440406"": 10, ""1440384"": 11, ""1440385"": 11, ""1440388"": 11, ""1440401"": 12, ""1440402"": 12, ""1440376"": 14, ""1440400"": 15, ""1440399"": 15, ""1773269"": 16, ""1440396"": 17, ""1440397"": 17, ""1440394"": 13, ""1440395"": 13, ""1440398"": 13}","{""Interior Walls"": 1, ""MEP"": 1, ""Ceiling"": 1, ""Doors"": 1, ""Interior Finishes"": 1}"
7,628.48,366.68,12,5.0,1,inf,5,"{""1440376"": 3, ""1440384"": 1, ""1440389"": 1, ""1440395"": 1, ""1440396"": 1, ""1440397"": 1, ""1440398"": 1, ""1440403"": 1, ""1773267"": 1, ""1440405"": 1, ""1773269"": 1, ""1773270"": 1, ""1773274"": 1, ""1440369"": 1, ""1440372"": 1, ""1440380"": 1, ""1773440"": 2, ""1440385"": 4, ""1440388"": 4, ""1440394"": 4, ""1773278"": 4, ""1440399"": 4, ""1440400"": 4, ""1440401"": 4, ""1440402"": 4, ""1440368"": 4, ""1440404"": 4, ""1440371"": 4, ""1440406"": 4, ""1440381"": 4, ""1440382"": 4, ""1440383"": 4}","{""Interior Walls"": 1, ""MEP"": 1, ""Ceiling"": 1, ""Doors"": 1, ""Interior Finishes"": 1}"
7,105.152,53.025333333333364,0,23.0,1,inf,6,"{""1440376"": 1, ""1440389"": 2, ""1773274"": 3, ""1440369"": 4, ""1440371"": 4, ""1440382"": 5, ""1440383"": 5, ""1440372"": 6, ""1773269"": 7, ""1440368"": 8, ""1773278"": 8, ""1773267"": 9, ""1440380"": 9, ""1440381"": 9, ""1440384"": 10, ""1440385"": 10, ""1440388"": 10, ""1440401"": 11, ""1440402"": 11, ""1440400"": 12, ""1440399"": 12, ""1440405"": 13, ""1773270"": 13, ""1773440"": 14, ""1440403"": 15, ""1440404"": 15, ""1440406"": 15, ""1440396"": 11, ""1440397"": 11, ""1440394"": 16, ""1440395"": 16, ""1440398"": 16}","{""Interior Walls"": 5.0, ""MEP"": 5.0, ""Ceiling"": 3.0, ""Doors"": 5.0, ""Interior Finishes"": 5.0}"
7,390.19,223.29,6,10.0,1,0.832377616464452,7,"{""1440384"": 1, ""1440385"": 1, ""1440388"": 1, ""1440389"": 1, ""1773267"": 1, ""1773269"": 1, ""1773274"": 1, ""1773278"": 1, ""1440368"": 1, ""1440369"": 1, ""1440371"": 1, ""1440372"": 1, ""1440376"": 2, ""1440380"": 1, ""1440381"": 1, ""1440382"": 1, ""1440383"": 1, ""1773440"": 2, ""1440394"": 2, ""1440395"": 1, ""1440396"": 2, ""1440397"": 2, ""1440398"": 2, ""1440399"": 2, ""1440400"": 2, ""1440401"": 2, ""1440402"": 2, ""1440403"": 2, ""1440404"": 2, ""1440405"": 2, ""1440406"": 2, ""1773270"": 2}","{""Interior Walls"": 2.0, ""MEP"": 2.0, ""Ceiling"": 2.0, ""Doors"": 2.0, ""Interior Finishes"": 2.0}"
7,429.4,20.0,1,10.0,1,0.4959673743137585,8,"{""1440376"": 1, ""1773270"": 2, ""1440405"": 2, ""1440406"": 2, ""1440399"": 2, ""1440402"": 2, ""1440396"": 2, ""1440403"": 2, ""1440400"": 2, ""1440368"": 1, ""1440395"": 2, ""1440397"": 2, ""1440398"": 2, ""1440383"": 1, ""1440401"": 2, ""1440382"": 1, ""1440404"": 2, ""1440394"": 2, ""1440385"": 1, ""1440384"": 1, ""1440372"": 1, ""1440381"": 1, ""1440371"": 1, ""1440380"": 1, ""1773267"": 1, ""1773269"": 1, ""1773274"": 1, ""1773278"": 1, ""1440388"": 1, ""1440369"": 1, ""1440389"": 1, ""1773440"": 2}","{""Interior Walls"": 2.0, ""MEP"": 2.0, ""Ceiling"": 2.0, ""Doors"": 2.0, ""Interior Finishes"": 2.0}"
7,400.9,24.0,5,10.0,1,0.4777866660142263,9,"{""1440384"": 1, ""1440385"": 2, ""1773440"": 2, ""1440388"": 2, ""1440389"": 1, ""1440394"": 2, ""1440395"": 1, ""1440396"": 1, ""1440397"": 1, ""1440398"": 1, ""1440399"": 2, ""1440400"": 2, ""1440401"": 2, ""1440402"": 2, ""1440403"": 1, ""1440404"": 2, ""1440405"": 1, ""1440406"": 2, ""1773267"": 1, ""1773269"": 1, ""1773270"": 1, ""1773274"": 1, ""1773278"": 2, ""1440368"": 2, ""1440369"": 1, ""1440371"": 2, ""1440372"": 1, ""1440376"": 1, ""1440380"": 1, ""1440381"": 2, ""1440382"": 2, ""1440383"": 2}","{""Interior Walls"": 2.0, ""MEP"": 2.0, ""Ceiling"": 2.0, ""Doors"": 2.0, ""Interior Finishes"": 2.0}"
7,166.41000000000003,59.41000000000001,0,16.0,1,0.4216720584780713,10,"{""1440389"": 1, ""1773274"": 2, ""1773278"": 19, ""1773440"": 4, ""1440371"": 5, ""1440405"": 6, ""1773270"": 7, ""1440382"": 8, ""1440380"": 9, ""1440381"": 10, ""1773267"": 11, ""1440369"": 12, ""1440368"": 13, ""1440406"": 14, ""1440403"": 15, ""1440404"": 15, ""1440383"": 16, ""1440384"": 17, ""1440385"": 17, ""1440388"": 18, ""1440402"": 3, ""1440376"": 20, ""1440400"": 21, ""1440401"": 21, ""1440399"": 22, ""1773269"": 23, ""1440397"": 24, ""1440396"": 25, ""1440372"": 26, ""1440398"": 27, ""1440394"": 28, ""1440395"": 29}","{""Interior Walls"": 5.0, ""MEP"": 5.0, ""Ceiling"": 3.0, ""Doors"": 1, ""Interior Finishes"": 2.0}"
7,340.01000000000005,236.45999999999998,0,8.0,1,0.3892701541638235,11,"{""1440394"": 1, ""1440395"": 1, ""1440398"": 1, ""1440389"": 2, ""1773274"": 3, ""1773278"": 10, ""1773440"": 5, ""1440371"": 6, ""1773270"": 7, ""1773267"": 8, ""1440380"": 9, ""1440381"": 9, ""1440369"": 4, ""1440382"": 11, ""1440405"": 12, ""1440368"": 13, ""1440383"": 14, ""1440403"": 15, ""1440404"": 15, ""1440406"": 15, ""1440384"": 16, ""1440385"": 16, ""1440402"": 17, ""1440388"": 18, ""1440376"": 19, ""1440401"": 20, ""1440400"": 21, ""1440399"": 22, ""1773269"": 23, ""1440372"": 24, ""1440396"": 25, ""1440397"": 25}","{""Interior Walls"": 2.0, ""MEP"": 2.0, ""Ceiling"": 1, ""Doors"": 2.0, ""Interior Finishes"": 1}"
7,258.63,258.73,0,9.0,1,0.36032850753433887,12,"{""1440389"": 1, ""1773274"": 2, ""1440405"": 3, ""1773270"": 3, ""1773267"": 4, ""1440376"": 5, ""1773269"": 6, ""1440396"": 7, ""1440397"": 7, ""1440372"": 8, ""1440394"": 9, ""1440395"": 9, ""1440398"": 9, ""1440369"": 10, ""1773278"": 10, ""1440384"": 11, ""1440383"": 11, ""1440380"": 12, ""1440381"": 12, ""1440382"": 12, ""1440403"": 13, ""1440404"": 13, ""1440406"": 13, ""1440400"": 14, ""1440399"": 14, ""1440385"": 15, ""1440388"": 15, ""1773440"": 16, ""1440371"": 17, ""1440368"": 18, ""1440401"": 19, ""1440402"": 19}","{""Interior Walls"": 2.0, ""MEP"": 2.0, ""Ceiling"": 2.0, ""Doors"": 1.0, ""Interior Finishes"": 2.0}"
7,402.22,261.9200000000001,0,7.0,1,0.279380404331948,13,"{""1440389"": 1, ""1773274"": 2, ""1773440"": 3, ""1440369"": 4, ""1440371"": 4, ""1440368"": 5, ""1773278"": 5, ""1440405"": 6, ""1773270"": 6, ""1773267"": 7, ""1440380"": 7, ""1440381"": 7, ""1440382"": 8, ""1440383"": 8, ""1440403"": 9, ""1440404"": 9, ""1440406"": 9, ""1440384"": 10, ""1440385"": 10, ""1440388"": 10, ""1440401"": 11, ""1440402"": 11, ""1440376"": 13, ""1440400"": 12, ""1440399"": 12, ""1773269"": 14, ""1440396"": 15, ""1440397"": 15, ""1440372"": 16, ""1440394"": 17, ""1440395"": 17, ""1440398"": 17}","{""Interior Walls"": 2.0, ""MEP"": 1, ""Ceiling"": 1, ""Doors"": 2.0, ""Interior Finishes"": 1}"
7,217.64000000000001,159.98999999999998,0,11.0,1,0.27423681638511566,14,"{""1440371"": 1, ""1440389"": 2, ""1773274"": 3, ""1440369"": 4, ""1773278"": 4, ""1773440"": 5, ""1440405"": 6, ""1773270"": 6, ""1440380"": 7, ""1440381"": 7, ""1773267"": 8, ""1440382"": 9, ""1440383"": 9, ""1440368"": 1, ""1440403"": 10, ""1440404"": 10, ""1440406"": 10, ""1440384"": 11, ""1440385"": 11, ""1440388"": 11, ""1440401"": 12, ""1440402"": 12, ""1440376"": 13, ""1440400"": 14, ""1440399"": 14, ""1773269"": 15, ""1440396"": 16, ""1440397"": 16, ""1440372"": 17, ""1440394"": 18, ""1440395"": 18, ""1440398"": 18}","{""Interior Walls"": 4.0, ""MEP"": 2.0, ""Ceiling"": 2.0, ""Doors"": 1, ""Interior Finishes"": 2.0}"
7,498.52000000000004,653.7199999999999,0,6.0,1,0.2684833902617612,15,"{""1440389"": 1, ""1440372"": 2, ""1773274"": 3, ""1773278"": 4, ""1773440"": 5, ""1440371"": 6, ""1773270"": 7, ""1773267"": 8, ""1440380"": 9, ""1440381"": 9, ""1440369"": 10, ""1440382"": 11, ""1440405"": 12, ""1440368"": 13, ""1440383"": 14, ""1440404"": 15, ""1440406"": 16, ""1440403"": 17, ""1440384"": 18, ""1440385"": 18, ""1440402"": 19, ""1440388"": 20, ""1440376"": 21, ""1440401"": 22, ""1440400"": 23, ""1440399"": 24, ""1773269"": 25, ""1440396"": 26, ""1440397"": 26, ""1440394"": 27, ""1440395"": 28, ""1440398"": 29}","{""Interior Walls"": 1, ""MEP"": 1, ""Ceiling"": 2, ""Doors"": 1, ""Interior Finishes"": 1}"
7,205.04000000000002,122.49000000000002,0,13.0,1,0.24875658475423335,16,"{""1440389"": 1, ""1773274"": 2, ""1773278"": 3, ""1773440"": 4, ""1440371"": 5, ""1440405"": 6, ""1773270"": 6, ""1440380"": 7, ""1440381"": 7, ""1440382"": 7, ""1773267"": 8, ""1440369"": 9, ""1440368"": 10, ""1440403"": 11, ""1440404"": 11, ""1440406"": 11, ""1440384"": 12, ""1440383"": 12, ""1440385"": 13, ""1440388"": 13, ""1440401"": 14, ""1440402"": 14, ""1440376"": 15, ""1440400"": 16, ""1440399"": 16, ""1773269"": 17, ""1440396"": 18, ""1440397"": 18, ""1440372"": 19, ""1440394"": 20, ""1440395"": 20, ""1440398"": 20}","{""Interior Walls"": 5.0, ""MEP"": 2.0, ""Ceiling"": 2.0, ""Doors"": 2.0, ""Interior Finishes"": 2.0}"
7,116.164,144.13733333333332,0,19.0,1,0.24315690226543904,17,"{""1440383"": 1, ""1440376"": 2, ""1440389"": 3, ""1773274"": 4, ""1440380"": 5, ""1440371"": 6, ""1440388"": 7, ""1440368"": 8, ""1440372"": 9, ""1773269"": 10, ""1440369"": 11, ""1773278"": 12, ""1773267"": 13, ""1440381"": 14, ""1440384"": 15, ""1440385"": 15, ""1440382"": 16, ""1440402"": 17, ""1773270"": 18, ""1440400"": 19, ""1440401"": 19, ""1440394"": 20, ""1440397"": 21, ""1440403"": 22, ""1440404"": 22, ""1773440"": 23, ""1440399"": 24, ""1440395"": 25, ""1440405"": 26, ""1440406"": 27, ""1440396"": 28, ""1440398"": 29}","{""Interior Walls"": 5.0, ""MEP"": 5.0, ""Ceiling"": 3.0, ""Doors"": 1, ""Interior Finishes"": 5.0}"
7,473.67,818.37,0,6.0,1,0.2424967235086874,18,"{""1440372"": 1, ""1440384"": 2, ""1440385"": 2, ""1440388"": 2, ""1440394"": 3, ""1440395"": 3, ""1440398"": 3, ""1440376"": 4, ""1440396"": 5, ""1440397"": 5, ""1773269"": 6, ""1440382"": 7, ""1440383"": 7, ""1440400"": 8, ""1440399"": 8, ""1773267"": 9, ""1440380"": 9, ""1440381"": 9, ""1440401"": 10, ""1440402"": 10, ""1773440"": 11, ""1440389"": 12, ""1440369"": 13, ""1440371"": 13, ""1440368"": 14, ""1773278"": 14, ""1440403"": 15, ""1440404"": 15, ""1440406"": 15, ""1440405"": 16, ""1773270"": 16, ""1773274"": 17}","{""Interior Walls"": 1, ""MEP"": 2, ""Ceiling"": 1, ""Doors"": 1, ""Interior Finishes"": 1}"
7,117.58100000000002,95.54600000000003,0,20.0,1,0.24149320620829864,19,"{""1440389"": 1, ""1773274"": 7, ""1440369"": 2, ""1773278"": 2, ""1773440"": 3, ""1440371"": 4, ""1440405"": 5, ""1773270"": 5, ""1440380"": 6, ""1440381"": 6, ""1440382"": 6, ""1773267"": 8, ""1440368"": 9, ""1440403"": 10, ""1440404"": 10, ""1440406"": 10, ""1440384"": 11, ""1440383"": 12, ""1440385"": 13, ""1440388"": 13, ""1440401"": 14, ""1440402"": 14, ""1440376"": 15, ""1440400"": 16, ""1440399"": 16, ""1773269"": 17, ""1440396"": 18, ""1440397"": 18, ""1440372"": 19, ""1440394"": 20, ""1440395"": 20, ""1440398"": 20}","{""Interior Walls"": 5.0, ""MEP"": 4.0, ""Ceiling"": 5.0, ""Doors"": 1, ""Interior Finishes"": 5.0}"
7,182.39000000000001,99.59000000000003,0,14.0,1,0.23132052248559876,20,"{""1440389"": 1, ""1773274"": 2, ""1773278"": 3, ""1773440"": 4, ""1440371"": 5, ""1440405"": 6, ""1773270"": 6, ""1440380"": 7, ""1440381"": 7, ""1773267"": 8, ""1440369"": 9, ""1440382"": 10, ""1440383"": 10, ""1440368"": 11, ""1440403"": 12, ""1440404"": 12, ""1440406"": 12, ""1440384"": 13, ""1440385"": 13, ""1440388"": 13, ""1440401"": 14, ""1440402"": 14, ""1440376"": 15, ""1440400"": 16, ""1440399"": 16, ""1773269"": 17, ""1440396"": 18, ""1440397"": 18, ""1440372"": 19, ""1440394"": 20, ""1440395"": 20, ""1440398"": 20}","{""Interior Walls"": 4.0, ""MEP"": 5.0, ""Ceiling"": 2, ""Doors"": 1, ""Interior Finishes"": 2.0}"
8,570.9,0.0,1,10.0,1,inf,1,"{""1440384"": 1, ""1440385"": 1, ""1440388"": 1, ""1440389"": 1, ""1773267"": 1, ""1773269"": 1, ""1773274"": 1, ""1773278"": 1, ""1440368"": 1, ""1440369"": 1, ""1440371"": 1, ""1440372"": 1, ""1440376"": 1, ""1440380"": 1, ""1440381"": 1, ""1440382"": 1, ""1440383"": 1, ""1773440"": 1, ""1440394"": 1, ""1440395"": 1, ""1440396"": 1, ""1440397"": 1, ""1440398"": 1, ""1440399"": 1, ""1440400"": 1, ""1440401"": 1, ""1440402"": 1, ""1440403"": 1, ""1440404"": 1, ""1440405"": 1, ""1440406"": 1, ""1773270"": 1}","{""Interior Walls"": 2.0, ""MEP"": 2.0, ""Ceiling"": 2.0, ""Doors"": 2.0, ""Interior Finishes"": 2.0}"
8,98.03599999999997,164.07599999999994,0,25.0,1,inf,2,"{""1440394"": 1, ""1440395"": 1, ""1440398"": 1, ""1440372"": 3, ""1440396"": 4, ""1440397"": 4, ""1773269"": 5, ""1440400"": 6, ""1440399"": 6, ""1440376"": 7, ""1440401"": 8, ""1440402"": 8, ""1440384"": 9, ""1440385"": 9, ""1440388"": 9, ""1440403"": 10, ""1440404"": 10, ""1440406"": 10, ""1440382"": 11, ""1440383"": 11, ""1773267"": 12, ""1440380"": 12, ""1440381"": 12, ""1440405"": 2, ""1773270"": 2, ""1440369"": 13, ""1440371"": 13, ""1440368"": 14, ""1773278"": 14, ""1773440"": 15, ""1773274"": 16, ""1440389"": 17}","{""Interior Walls"": 5.0, ""MEP"": 5.0, ""Ceiling"": 5.0, ""Doors"": 5.0, ""Interior Finishes"": 5.0}"
8,390.19,223.29,6,10.0,1,inf,3,"{""1440384"": 1, ""1440385"": 1, ""1440388"": 1, ""1440389"": 1, ""1773267"": 1, ""1773269"": 1, ""1773274"": 1, ""1773278"": 1, ""1440368"": 1, ""1440369"": 1, ""1440371"": 1, ""1440372"": 1, ""1440376"": 2, ""1440380"": 1, ""1440381"": 1, ""1440382"": 1, ""1440383"": 1, ""1773440"": 2, ""1440394"": 2, ""1440395"": 1, ""1440396"": 2, ""1440397"": 2, ""1440398"": 2, ""1440399"": 2, ""1440400"": 2, ""1440401"": 2, ""1440402"": 2, ""1440403"": 2, ""1440404"": 2, ""1440405"": 2, ""1440406"": 2, ""1773270"": 2}","{""Interior Walls"": 2.0, ""MEP"": 2.0, ""Ceiling"": 2.0, ""Doors"": 2.0, ""Interior Finishes"": 2.0}"
8,100.66,41.400000000000034,0,24.0,1,inf,4,"{""1440376"": 1, ""1440389"": 2, ""1773274"": 3, ""1440369"": 4, ""1440371"": 4, ""1440382"": 5, ""1440383"": 5, ""1440372"": 6, ""1773269"": 7, ""1440368"": 8, ""1773278"": 8, ""1773267"": 9, ""1440380"": 9, ""1440381"": 9, ""1440384"": 10, ""1440385"": 10, ""1440388"": 10, ""1440401"": 11, ""1440402"": 11, ""1440396"": 11, ""1440397"": 11, ""1440400"": 12, ""1440399"": 12, ""1440405"": 13, ""1773270"": 13, ""1773440"": 14, ""1440403"": 15, ""1440404"": 15, ""1440406"": 15, ""1440394"": 16, ""1440395"": 16, ""1440398"": 16}","{""Interior Walls"": 5.0, ""MEP"": 5.0, ""Ceiling"": 4.0, ""Doors"": 5.0, ""Interior Finishes"": 5.0}"
8,494.92,859.12,0,5.0,1,inf,5,"{""1440372"": 1, ""1440384"": 2, ""1440385"": 2, ""1440388"": 2, ""1440394"": 3, ""1440395"": 3, ""1440398"": 3, ""1440376"": 4, ""1440396"": 5, ""1440397"": 5, ""1773269"": 6, ""1440382"": 7, ""1440383"": 7, ""1440400"": 8, ""1440399"": 8, ""1773267"": 9, ""1440380"": 9, ""1440381"": 9, ""1440401"": 10, ""1440402"": 10, ""1773440"": 11, ""1440389"": 12, ""1440369"": 13, ""1440371"": 13, ""1440368"": 14, ""1773278"": 14, ""1440403"": 15, ""1440404"": 15, ""1440406"": 15, ""1440405"": 16, ""1773270"": 16, ""1773274"": 17}","{""Interior Walls"": 1, ""MEP"": 1, ""Ceiling"": 1, ""Doors"": 1, ""Interior Finishes"": 1}"
8,497.3,199.0,0,5.0,1,inf,6,"{""1440376"": 1, ""1440389"": 2, ""1773274"": 3, ""1440369"": 4, ""1440371"": 4, ""1440382"": 5, ""1440383"": 5, ""1440372"": 6, ""1773269"": 7, ""1440368"": 8, ""1773278"": 8, ""1773267"": 9, ""1440380"": 9, ""1440381"": 9, ""1440384"": 10, ""1440385"": 10, ""1440388"": 10, ""1440396"": 14, ""1440397"": 14, ""1440401"": 12, ""1440402"": 12, ""1440400"": 13, ""1440399"": 13, ""1440405"": 11, ""1773270"": 11, ""1773440"": 15, ""1440403"": 16, ""1440404"": 16, ""1440406"": 16, ""1440394"": 17, ""1440395"": 17, ""1440398"": 17}","{""Interior Walls"": 1, ""MEP"": 1, ""Ceiling"": 1, ""Doors"": 1, ""Interior Finishes"": 1}"
8,400.9,24.0,5,10.0,1,0.8836832614413718,7,"{""1440384"": 1, ""1440385"": 2, ""1773440"": 2, ""1440388"": 2, ""1440389"": 1, ""1440394"": 2, ""1440395"": 1, ""1440396"": 1, ""1440397"": 1, ""1440398"": 1, ""1440399"": 2, ""1440400"": 2, ""1440401"": 2, ""1440402"": 2, ""1440403"": 1, ""1440404"": 2, ""1440405"": 1, ""1440406"": 2, ""1773267"": 1, ""1773269"": 1, ""1773270"": 1, ""1773274"": 1, ""1773278"": 2, ""1440368"": 2, ""1440369"": 1, ""1440371"": 2, ""1440372"": 1, ""1440376"": 1, ""1440380"": 1, ""1440381"": 2, ""1440382"": 2, ""1440383"": 2}","{""Interior Walls"": 2.0, ""MEP"": 2.0, ""Ceiling"": 2.0, ""Doors"": 2.0, ""Interior Finishes"": 2.0}"
8,473.67,818.37,0,6.0,1,0.8592531917361024,8,"{""1440372"": 1, ""1440384"": 2, ""1440385"": 2, ""1440388"": 2, ""1440394"": 3, ""1440395"": 3, ""1440398"": 3, ""1440376"": 4, ""1440396"": 5, ""1440397"": 5, ""1773269"": 6, ""1440382"": 7, ""1440383"": 7, ""1440400"": 8, ""1440399"": 8, ""1773267"": 9, ""1440380"": 9, ""1440381"": 9, ""1440401"": 10, ""1440402"": 10, ""1773440"": 11, ""1440389"": 12, ""1440369"": 13, ""1440371"": 13, ""1440368"": 14, ""1773278"": 14, ""1440403"": 15, ""1440404"": 15, ""1440406"": 15, ""1440405"": 16, ""1773270"": 16, ""1773274"": 17}","{""Interior Walls"": 1, ""MEP"": 2, ""Ceiling"": 1, ""Doors"": 1, ""Interior Finishes"": 1}"
8,429.4,20.0,1,10.0,1,0.8457027564843852,9,"{""1440376"": 1, ""1773270"": 2, ""1440405"": 2, ""1440406"": 2, ""1440399"": 2, ""1440402"": 2, ""1440396"": 2, ""1440403"": 2, ""1440400"": 2, ""1440368"": 1, ""1440395"": 2, ""1440397"": 2, ""1440398"": 2, ""1440383"": 1, ""1440401"": 2, ""1440382"": 1, ""1440404"": 2, ""1440394"": 2, ""1440385"": 1, ""1440384"": 1, ""1440372"": 1, ""1440381"": 1, ""1440371"": 1, ""1440380"": 1, ""1773267"": 1, ""1773269"": 1, ""1773274"": 1, ""1773278"": 1, ""1440388"": 1, ""1440369"": 1, ""1440389"": 1, ""1773440"": 2}","{""Interior Walls"": 2.0, ""MEP"": 2.0, ""Ceiling"": 2.0, ""Doors"": 2.0, ""Interior Finishes"": 2.0}"
8,250.27,325.86999999999995,0,10.0,1,0.7843821876483452,10,"{""1440384"": 1, ""1440383"": 1, ""1440389"": 2, ""1773274"": 3, ""1773267"": 4, ""1440376"": 5, ""1773269"": 6, ""1440372"": 7, ""1440369"": 8, ""1773278"": 8, ""1440380"": 9, ""1440381"": 9, ""1440382"": 9, ""1440385"": 10, ""1440388"": 10, ""1440371"": 11, ""1440368"": 12, ""1440401"": 13, ""1440402"": 13, ""1440405"": 14, ""1773270"": 14, ""1440396"": 15, ""1440397"": 15, ""1440394"": 16, ""1440395"": 16, ""1440398"": 16, ""1440403"": 17, ""1440404"": 17, ""1440406"": 17, ""1440400"": 18, ""1440399"": 18, ""1773440"": 19}","{""Interior Walls"": 2.0, ""MEP"": 2.0, ""Ceiling"": 2.0, ""Doors"": 2.0, ""Interior Finishes"": 2.0}"
8,340.01000000000005,236.45999999999998,0,8.0,1,0.41947104352749487,11,"{""1440394"": 1, ""1440395"": 1, ""1440398"": 1, ""1440389"": 2, ""1773274"": 3, ""1773278"": 10, ""1773440"": 5, ""1440371"": 6, ""1773270"": 7, ""1773267"": 8, ""1440380"": 9, ""1440381"": 9, ""1440369"": 4, ""1440382"": 11, ""1440405"": 12, ""1440368"": 13, ""1440383"": 14, ""1440403"": 15, ""1440404"": 15, ""1440406"": 15, ""1440384"": 16, ""1440385"": 16, ""1440402"": 17, ""1440388"": 18, ""1440376"": 19, ""1440401"": 20, ""1440400"": 21, ""1440399"": 22, ""1773269"": 23, ""1440372"": 24, ""1440396"": 25, ""1440397"": 25}","{""Interior Walls"": 2.0, ""MEP"": 2.0, ""Ceiling"": 1, ""Doors"": 2.0, ""Interior Finishes"": 1}"
8,258.63,258.73,0,9.0,1,0.3194147005722844,12,"{""1440389"": 1, ""1773274"": 2, ""1440405"": 3, ""1773270"": 3, ""1773267"": 4, ""1440376"": 5, ""1773269"": 6, ""1440396"": 7, ""1440397"": 7, ""1440372"": 8, ""1440394"": 9, ""1440395"": 9, ""1440398"": 9, ""1440369"": 10, ""1773278"": 10, ""1440384"": 11, ""1440383"": 11, ""1440380"": 12, ""1440381"": 12, ""1440382"": 12, ""1440403"": 13, ""1440404"": 13, ""1440406"": 13, ""1440400"": 14, ""1440399"": 14, ""1440385"": 15, ""1440388"": 15, ""1773440"": 16, ""1440371"": 17, ""1440368"": 18, ""1440401"": 19, ""1440402"": 19}","{""Interior Walls"": 2.0, ""MEP"": 2.0, ""Ceiling"": 2.0, ""Doors"": 1.0, ""Interior Finishes"": 2.0}"
8,123.92266666666666,89.69599999999997,0,19.0,1,0.29247213795391014,13,"{""1440389"": 1, ""1440369"": 2, ""1773278"": 2, ""1773440"": 3, ""1440371"": 4, ""1440405"": 5, ""1773270"": 5, ""1440380"": 6, ""1440381"": 6, ""1440382"": 6, ""1773274"": 7, ""1773267"": 8, ""1440368"": 9, ""1440403"": 10, ""1440404"": 10, ""1440406"": 10, ""1440384"": 11, ""1440383"": 12, ""1440385"": 13, ""1440388"": 13, ""1440401"": 14, ""1440402"": 14, ""1440376"": 15, ""1440400"": 16, ""1440399"": 16, ""1773269"": 17, ""1440396"": 18, ""1440397"": 18, ""1440372"": 19, ""1440394"": 20, ""1440395"": 20, ""1440398"": 20}","{""Interior Walls"": 5.0, ""MEP"": 3.0, ""Ceiling"": 5.0, ""Doors"": 1, ""Interior Finishes"": 5.0}"
8,205.04000000000002,122.49000000000002,0,13.0,1,0.28423503589464383,14,"{""1440389"": 1, ""1773274"": 2, ""1773278"": 3, ""1773440"": 4, ""1440371"": 5, ""1440405"": 6, ""1773270"": 6, ""1440380"": 7, ""1440381"": 7, ""1440382"": 7, ""1773267"": 8, ""1440369"": 9, ""1440368"": 10, ""1440403"": 11, ""1440404"": 11, ""1440406"": 11, ""1440384"": 12, ""1440383"": 12, ""1440385"": 13, ""1440388"": 13, ""1440401"": 14, ""1440402"": 14, ""1440376"": 15, ""1440400"": 16, ""1440399"": 16, ""1773269"": 17, ""1440396"": 18, ""1440397"": 18, ""1440372"": 19, ""1440394"": 20, ""1440395"": 20, ""1440398"": 20}","{""Interior Walls"": 5.0, ""MEP"": 2.0, ""Ceiling"": 2.0, ""Doors"": 2.0, ""Interior Finishes"": 2.0}"
8,217.64000000000001,159.98999999999998,0,11.0,1,0.2688594249839522,15,"{""1440371"": 1, ""1440389"": 2, ""1773274"": 3, ""1440369"": 4, ""1773278"": 4, ""1773440"": 5, ""1440405"": 6, ""1773270"": 6, ""1440380"": 7, ""1440381"": 7, ""1773267"": 8, ""1440382"": 9, ""1440383"": 9, ""1440368"": 1, ""1440403"": 10, ""1440404"": 10, ""1440406"": 10, ""1440384"": 11, ""1440385"": 11, ""1440388"": 11, ""1440401"": 12, ""1440402"": 12, ""1440376"": 13, ""1440400"": 14, ""1440399"": 14, ""1773269"": 15, ""1440396"": 16, ""1440397"": 16, ""1440372"": 17, ""1440394"": 18, ""1440395"": 18, ""1440398"": 18}","{""Interior Walls"": 4.0, ""MEP"": 2.0, ""Ceiling"": 2.0, ""Doors"": 1, ""Interior Finishes"": 2.0}"
8,180.91000000000003,61.86,0,14.0,1,0.26694603060971567,16,"{""1440389"": 1, ""1773274"": 2, ""1440402"": 3, ""1773440"": 4, ""1440371"": 5, ""1440405"": 6, ""1773270"": 7, ""1440382"": 8, ""1440380"": 9, ""1440381"": 10, ""1773267"": 11, ""1440369"": 12, ""1440368"": 13, ""1440406"": 14, ""1440403"": 15, ""1440404"": 15, ""1440383"": 16, ""1440384"": 17, ""1440385"": 17, ""1440388"": 18, ""1773278"": 19, ""1440376"": 20, ""1440400"": 21, ""1440401"": 21, ""1440399"": 22, ""1773269"": 23, ""1440397"": 24, ""1440396"": 25, ""1440372"": 26, ""1440398"": 27, ""1440394"": 28, ""1440395"": 29}","{""Interior Walls"": 5.0, ""MEP"": 4.0, ""Ceiling"": 2.0, ""Doors"": 1, ""Interior Finishes"": 2.0}"
8,117.58100000000002,95.54600000000003,0,20.0,1,0.25457943592564863,17,"{""1440389"": 1, ""1773274"": 7, ""1440369"": 2, ""1773278"": 2, ""1773440"": 3, ""1440371"": 4, ""1440405"": 5, ""1773270"": 5, ""1440380"": 6, ""1440381"": 6, ""1440382"": 6, ""1773267"": 8, ""1440368"": 9, ""1440403"": 10, ""1440404"": 10, ""1440406"": 10, ""1440384"": 11, ""1440383"": 12, ""1440385"": 13, ""1440388"": 13, ""1440401"": 14, ""1440402"": 14, ""1440376"": 15, ""1440400"": 16, ""1440399"": 16, ""1773269"": 17, ""1440396"": 18, ""1440397"": 18, ""1440372"": 19, ""1440394"": 20, ""1440395"": 20, ""1440398"": 20}","{""Interior Walls"": 5.0, ""MEP"": 4.0, ""Ceiling"": 5.0, ""Doors"": 1, ""Interior Finishes"": 5.0}"
8,105.152,53.025333333333364,0,23.0,1,0.2537507512357269,18,"{""1440376"": 1, ""1440389"": 2, ""1773274"": 3, ""1440369"": 4, ""1440371"": 4, ""1440382"": 5, ""1440383"": 5, ""1440372"": 6, ""1773269"": 7, ""1440368"": 8, ""1773278"": 8, ""1773267"": 9, ""1440380"": 9, ""1440381"": 9, ""1440384"": 10, ""1440385"": 10, ""1440388"": 10, ""1440401"": 11, ""1440402"": 11, ""1440400"": 12, ""1440399"": 12, ""1440405"": 13, ""1773270"": 13, ""1773440"": 14, ""1440403"": 15, ""1440404"": 15, ""1440406"": 15, ""1440396"": 11, ""1440397"": 11, ""1440394"": 16, ""1440395"": 16, ""1440398"": 16}","{""Interior Walls"": 5.0, ""MEP"": 5.0, ""Ceiling"": 3.0, ""Doors"": 5.0, ""Interior Finishes"": 5.0}"
8,402.22,261.9200000000001,0,7.0,1,0.2384207639144553,19,"{""1440389"": 1, ""1773274"": 2, ""1773440"": 3, ""1440369"": 4, ""1440371"": 4, ""1440368"": 5, ""1773278"": 5, ""1440405"": 6, ""1773270"": 6, ""1773267"": 7, ""1440380"": 7, ""1440381"": 7, ""1440382"": 8, ""1440383"": 8, ""1440403"": 9, ""1440404"": 9, ""1440406"": 9, ""1440384"": 10, ""1440385"": 10, ""1440388"": 10, ""1440401"": 11, ""1440402"": 11, ""1440376"": 13, ""1440400"": 12, ""1440399"": 12, ""1773269"": 14, ""1440396"": 15, ""1440397"": 15, ""1440372"": 16, ""1440394"": 17, ""1440395"": 17, ""1440398"": 17}","{""Interior Walls"": 2.0, ""MEP"": 1, ""Ceiling"": 1, ""Doors"": 2.0, ""Interior Finishes"": 1}"
8,166.41000000000003,59.41000000000001,0,16.0,1,0.19728269906176885,20,"{""1440389"": 1, ""1773274"": 2, ""1773278"": 19, ""1773440"": 4, ""1440371"": 5, ""1440405"": 6, ""1773270"": 7, ""1440382"": 8, ""1440380"": 9, ""1440381"": 10, ""1773267"": 11, ""1440369"": 12, ""1440368"": 13, ""1440406"": 14, ""1440403"": 15, ""1440404"": 15, ""1440383"": 16, ""1440384"": 17, ""1440385"": 17, ""1440388"": 18, ""1440402"": 3, ""1440376"": 20, ""1440400"": 21, ""1440401"": 21, ""1440399"": 22, ""1773269"": 23, ""1440397"": 24, ""1440396"": 25, ""1440372"": 26, ""1440398"": 27, ""1440394"": 28, ""1440395"": 29}","{""Interior Walls"": 5.0, ""MEP"": 5.0, ""Ceiling"": 3.0, ""Doors"": 1, ""Interior Finishes"": 2.0}"
9,570.9,0.0,1,10.0,1,inf,1,"{""1440384"": 1, ""1440385"": 1, ""1440388"": 1, ""1440389"": 1, ""1773267"": 1, ""1773269"": 1, ""1773274"": 1, ""1773278"": 1, ""1440368"": 1, ""1440369"": 1, ""1440371"": 1, ""1440372"": 1, ""1440376"": 1, ""1440380"": 1, ""1440381"": 1, ""1440382"": 1, ""1440383"": 1, ""1773440"": 1, ""1440394"": 1, ""1440395"": 1, ""1440396"": 1, ""1440397"": 1, ""1440398"": 1, ""1440399"": 1, ""1440400"": 1, ""1440401"": 1, ""1440402"": 1, ""1440403"": 1, ""1440404"": 1, ""1440405"": 1, ""1440406"": 1, ""1773270"": 1}","{""Interior Walls"": 2.0, ""MEP"": 2.0, ""Ceiling"": 2.0, ""Doors"": 2.0, ""Interior Finishes"": 2.0}"
9,98.03599999999997,164.07599999999994,0,25.0,1,inf,2,"{""1440394"": 1, ""1440395"": 1, ""1440398"": 1, ""1440372"": 3, ""1440396"": 4, ""1440397"": 4, ""1773269"": 5, ""1440400"": 6, ""1440399"": 6, ""1440376"": 7, ""1440401"": 8, ""1440402"": 8, ""1440384"": 9, ""1440385"": 9, ""1440388"": 9, ""1440403"": 10, ""1440404"": 10, ""1440406"": 10, ""1440382"": 11, ""1440383"": 11, ""1773267"": 12, ""1440380"": 12, ""1440381"": 12, ""1440405"": 2, ""1773270"": 2, ""1440369"": 13, ""1440371"": 13, ""1440368"": 14, ""1773278"": 14, ""1773440"": 15, ""1773274"": 16, ""1440389"": 17}","{""Interior Walls"": 5.0, ""MEP"": 5.0, ""Ceiling"": 5.0, ""Doors"": 5.0, ""Interior Finishes"": 5.0}"
9,100.66,41.400000000000034,0,24.0,1,inf,3,"{""1440376"": 1, ""1440389"": 2, ""1773274"": 3, ""1440369"": 4, ""1440371"": 4, ""1440382"": 5, ""1440383"": 5, ""1440372"": 6, ""1773269"": 7, ""1440368"": 8, ""1773278"": 8, ""1773267"": 9, ""1440380"": 9, ""1440381"": 9, ""1440384"": 10, ""1440385"": 10, ""1440388"": 10, ""1440401"": 11, ""1440402"": 11, ""1440396"": 11, ""1440397"": 11, ""1440400"": 12, ""1440399"": 12, ""1440405"": 13, ""1773270"": 13, ""1773440"": 14, ""1440403"": 15, ""1440404"": 15, ""1440406"": 15, ""1440394"": 16, ""1440395"": 16, ""1440398"": 16}","{""Interior Walls"": 5.0, ""MEP"": 5.0, ""Ceiling"": 4.0, ""Doors"": 5.0, ""Interior Finishes"": 5.0}"
9,494.92,859.12,0,5.0,1,inf,4,"{""1440372"": 1, ""1440384"": 2, ""1440385"": 2, ""1440388"": 2, ""1440394"": 3, ""1440395"": 3, ""1440398"": 3, ""1440376"": 4, ""1440396"": 5, ""1440397"": 5, ""1773269"": 6, ""1440382"": 7, ""1440383"": 7, ""1440400"": 8, ""1440399"": 8, ""1773267"": 9, ""1440380"": 9, ""1440381"": 9, ""1440401"": 10, ""1440402"": 10, ""1773440"": 11, ""1440389"": 12, ""1440369"": 13, ""1440371"": 13, ""1440368"": 14, ""1773278"": 14, ""1440403"": 15, ""1440404"": 15, ""1440406"": 15, ""1440405"": 16, ""1773270"": 16, ""1773274"": 17}","{""Interior Walls"": 1, ""MEP"": 1, ""Ceiling"": 1, ""Doors"": 1, ""Interior Finishes"": 1}"
9,497.3,199.0,0,5.0,1,inf,5,"{""1440376"": 1, ""1440389"": 2, ""1773274"": 3, ""1440369"": 4, ""1440371"": 4, ""1440382"": 5, ""1440383"": 5, ""1440372"": 6, ""1773269"": 7, ""1440368"": 8, ""1773278"": 8, ""1773267"": 9, ""1440380"": 9, ""1440381"": 9, ""1440384"": 10, ""1440385"": 10, ""1440388"": 10, ""1440396"": 14, ""1440397"": 14, ""1440401"": 12, ""1440402"": 12, ""1440400"": 13, ""1440399"": 13, ""1440405"": 11, ""1773270"": 11, ""1773440"": 15, ""1440403"": 16, ""1440404"": 16, ""1440406"": 16, ""1440394"": 17, ""1440395"": 17, ""1440398"": 17}","{""Interior Walls"": 1, ""MEP"": 1, ""Ceiling"": 1, ""Doors"": 1, ""Interior Finishes"": 1}"
9,570.9,0.0,1,10.0,1,inf,6,"{""1440384"": 1, ""1440389"": 1, ""1440395"": 1, ""1440396"": 1, ""1440397"": 1, ""1440398"": 1, ""1440403"": 1, ""1773267"": 1, ""1440405"": 1, ""1773269"": 1, ""1773270"": 1, ""1773274"": 1, ""1440369"": 1, ""1440372"": 1, ""1440376"": 1, ""1440380"": 1, ""1773440"": 1, ""1440385"": 1, ""1440388"": 1, ""1440394"": 1, ""1440399"": 1, ""1440400"": 1, ""1440401"": 1, ""1440402"": 1, ""1440404"": 1, ""1440406"": 1, ""1773278"": 1, ""1440368"": 1, ""1440371"": 1, ""1440381"": 1, ""1440382"": 1, ""1440383"": 1}","{""Interior Walls"": 2.0, ""MEP"": 2.0, ""Ceiling"": 2.0, ""Doors"": 2.0, ""Interior Finishes"": 2.0}"
9,315.40000000000003,96.0,5,10.0,1,inf,7,"{""1440384"": 3, ""1440385"": 1, ""1440388"": 1, ""1440389"": 3, ""1773267"": 1, ""1773269"": 3, ""1773274"": 3, ""1773278"": 1, ""1440368"": 3, ""1440369"": 3, ""1440371"": 1, ""1440372"": 1, ""1440376"": 1, ""1440380"": 1, ""1440381"": 3, ""1440382"": 3, ""1440383"": 3, ""1773440"": 2, ""1440394"": 2, ""1440395"": 2, ""1440396"": 2, ""1440397"": 2, ""1440398"": 2, ""1440399"": 2, ""1440400"": 2, ""1440401"": 2, ""1440402"": 2, ""1440403"": 2, ""1440404"": 2, ""1440405"": 2, ""1440406"": 2, ""1773270"": 2}","{""Interior Walls"": 2.0, ""MEP"": 2.0, ""Ceiling"": 2.0, ""Doors"": 2.0, ""Interior Finishes"": 2.0}"
9,429.4,20.0,1,10.0,1,0.955756454842395,8,"{""1440376"": 1, ""1773270"": 2, ""1440405"": 2, ""1440406"": 2, ""1440399"": 2, ""1440402"": 2, ""1440396"": 2, ""1440403"": 2, ""1440400"": 2, ""1440368"": 1, ""1440395"": 2, ""1440397"": 2, ""1440398"": 2, ""1440383"": 1, ""1440401"": 2, ""1440382"": 1, ""1440404"": 2, ""1440394"": 2, ""1440385"": 1, ""1440384"": 1, ""1440372"": 1, ""1440381"": 1, ""1440371"": 1, ""1440380"": 1, ""1773267"": 1, ""1773269"": 1, ""1773274"": 1, ""1773278"": 1, ""1440388"": 1, ""1440369"": 1, ""1440389"": 1, ""1773440"": 2}","{""Interior Walls"": 2.0, ""MEP"": 2.0, ""Ceiling"": 2.0, ""Doors"": 2.0, ""Interior Finishes"": 2.0}"
9,400.9,24.0,5,10.0,1,0.8699256764556957,9,"{""1440384"": 1, ""1440385"": 2, ""1773440"": 2, ""1440388"": 2, ""1440389"": 1, ""1440394"": 2, ""1440395"": 1, ""1440396"": 1, ""1440397"": 1, ""1440398"": 1, ""1440399"": 2, ""1440400"": 2, ""1440401"": 2, ""1440402"": 2, ""1440403"": 1, ""1440404"": 2, ""1440405"": 1, ""1440406"": 2, ""1773267"": 1, ""1773269"": 1, ""1773270"": 1, ""1773274"": 1, ""1773278"": 2, ""1440368"": 2, ""1440369"": 1, ""1440371"": 2, ""1440372"": 1, ""1440376"": 1, ""1440380"": 1, ""1440381"": 2, ""1440382"": 2, ""1440383"": 2}","{""Interior Walls"": 2.0, ""MEP"": 2.0, ""Ceiling"": 2.0, ""Doors"": 2.0, ""Interior Finishes"": 2.0}"
9,361.91999999999996,625.02,0,7.0,1,0.6929501142287489,10,"{""1440389"": 1, ""1440372"": 2, ""1440384"": 3, ""1440385"": 3, ""1440388"": 3, ""1440394"": 4, ""1440395"": 4, ""1440398"": 4, ""1440376"": 5, ""1440396"": 6, ""1440397"": 6, ""1773269"": 7, ""1440382"": 8, ""1440383"": 8, ""1440400"": 9, ""1440399"": 9, ""1773267"": 10, ""1440380"": 10, ""1440381"": 10, ""1440401"": 11, ""1440402"": 11, ""1773440"": 12, ""1440369"": 13, ""1440371"": 13, ""1440368"": 14, ""1773278"": 14, ""1440403"": 15, ""1440404"": 15, ""1440406"": 15, ""1440405"": 16, ""1773270"": 16, ""1773274"": 17}","{""Interior Walls"": 1, ""MEP"": 1, ""Ceiling"": 2, ""Doors"": 1, ""Interior Finishes"": 2.0}"
9,473.67,818.37,0,6.0,1,0.42114228587570723,11,"{""1440372"": 1, ""1440384"": 2, ""1440385"": 2, ""1440388"": 2, ""1440394"": 3, ""1440395"": 3, ""1440398"": 3, ""1440376"": 4, ""1440396"": 5, ""1440397"": 5, ""1773269"": 6, ""1440382"": 7, ""1440383"": 7, ""1440400"": 8, ""1440399"": 8, ""1773267"": 9, ""1440380"": 9, ""1440381"": 9, ""1440401"": 10, ""1440402"": 10, ""1773440"": 11, ""1440389"": 12, ""1440369"": 13, ""1440371"": 13, ""1440368"": 14, ""1773278"": 14, ""1440403"": 15, ""1440404"": 15, ""1440406"": 15, ""1440405"": 16, ""1773270"": 16, ""1773274"": 17}","{""Interior Walls"": 1, ""MEP"": 2, ""Ceiling"": 1, ""Doors"": 1, ""Interior Finishes"": 1}"
9,249.75,340.34999999999997,0,10.0,1,0.4172101817621344,12,"{""1440401"": 1, ""1440402"": 1, ""1440384"": 2, ""1440383"": 2, ""1440389"": 3, ""1773274"": 4, ""1773267"": 5, ""1440376"": 6, ""1773269"": 7, ""1440372"": 8, ""1440369"": 9, ""1773278"": 9, ""1440380"": 10, ""1440381"": 10, ""1440382"": 10, ""1440385"": 11, ""1440388"": 11, ""1440371"": 12, ""1440368"": 13, ""1440405"": 14, ""1773270"": 14, ""1440396"": 15, ""1440397"": 15, ""1440394"": 16, ""1440395"": 16, ""1440398"": 16, ""1440403"": 17, ""1440404"": 17, ""1440406"": 17, ""1440400"": 18, ""1440399"": 18, ""1773440"": 19}","{""Interior Walls"": 2.0, ""MEP"": 2.0, ""Ceiling"": 2.0, ""Doors"": 2.0, ""Interior Finishes"": 2.0}"
9,205.04000000000002,122.49000000000002,0,13.0,1,0.30215880284997804,13,"{""1440389"": 1, ""1773274"": 2, ""1773278"": 3, ""1773440"": 4, ""1440371"": 5, ""1440405"": 6, ""1773270"": 6, ""1440380"": 7, ""1440381"": 7, ""1440382"": 7, ""1773267"": 8, ""1440369"": 9, ""1440368"": 10, ""1440403"": 11, ""1440404"": 11, ""1440406"": 11, ""1440384"": 12, ""1440383"": 12, ""1440385"": 13, ""1440388"": 13, ""1440401"": 14, ""1440402"": 14, ""1440376"": 15, ""1440400"": 16, ""1440399"": 16, ""1773269"": 17, ""1440396"": 18, ""1440397"": 18, ""1440372"": 19, ""1440394"": 20, ""1440395"": 20, ""1440398"": 20}","{""Interior Walls"": 5.0, ""MEP"": 2.0, ""Ceiling"": 2.0, ""Doors"": 2.0, ""Interior Finishes"": 2.0}"
9,130.65200000000002,86.59200000000001,0,16.0,1,0.2722516595484684,14,"{""1440389"": 1, ""1440369"": 2, ""1773278"": 2, ""1773440"": 3, ""1440371"": 4, ""1440405"": 5, ""1773270"": 5, ""1440380"": 6, ""1440381"": 6, ""1440382"": 6, ""1773274"": 7, ""1773267"": 8, ""1440368"": 9, ""1440403"": 10, ""1440404"": 10, ""1440406"": 10, ""1440384"": 11, ""1440383"": 12, ""1440385"": 13, ""1440388"": 13, ""1440401"": 14, ""1440402"": 14, ""1440376"": 8, ""1440400"": 15, ""1440399"": 15, ""1773269"": 16, ""1440396"": 17, ""1440397"": 17, ""1440372"": 18, ""1440394"": 19, ""1440395"": 19, ""1440398"": 19}","{""Interior Walls"": 5.0, ""MEP"": 3.0, ""Ceiling"": 2.0, ""Doors"": 1, ""Interior Finishes"": 5.0}"
9,258.63,258.73,0,9.0,1,0.2673701380765139,15,"{""1440389"": 1, ""1773274"": 2, ""1440405"": 3, ""1773270"": 3, ""1773267"": 4, ""1440376"": 5, ""1773269"": 6, ""1440396"": 7, ""1440397"": 7, ""1440372"": 8, ""1440394"": 9, ""1440395"": 9, ""1440398"": 9, ""1440369"": 10, ""1773278"": 10, ""1440384"": 11, ""1440383"": 11, ""1440380"": 12, ""1440381"": 12, ""1440382"": 12, ""1440403"": 13, ""1440404"": 13, ""1440406"": 13, ""1440400"": 14, ""1440399"": 14, ""1440385"": 15, ""1440388"": 15, ""1773440"": 16, ""1440371"": 17, ""1440368"": 18, ""1440401"": 19, ""1440402"": 19}","{""Interior Walls"": 2.0, ""MEP"": 2.0, ""Ceiling"": 2.0, ""Doors"": 1.0, ""Interior Finishes"": 2.0}"
9,180.91000000000003,61.86,0,14.0,1,0.2633330312615455,16,"{""1440389"": 1, ""1773274"": 2, ""1440402"": 3, ""1773440"": 4, ""1440371"": 5, ""1440405"": 6, ""1773270"": 7, ""1440382"": 8, ""1440380"": 9, ""1440381"": 10, ""1773267"": 11, ""1440369"": 12, ""1440368"": 13, ""1440406"": 14, ""1440403"": 15, ""1440404"": 15, ""1440383"": 16, ""1440384"": 17, ""1440385"": 17, ""1440388"": 18, ""1773278"": 19, ""1440376"": 20, ""1440400"": 21, ""1440401"": 21, ""1440399"": 22, ""1773269"": 23, ""1440397"": 24, ""1440396"": 25, ""1440372"": 26, ""1440398"": 27, ""1440394"": 28, ""1440395"": 29}","{""Interior Walls"": 5.0, ""MEP"": 4.0, ""Ceiling"": 2.0, ""Doors"": 1, ""Interior Finishes"": 2.0}"
9,105.152,53.025333333333364,0,23.0,1,0.2567473845171778,17,"{""1440376"": 1, ""1440389"": 2, ""1773274"": 3, ""1440369"": 4, ""1440371"": 4, ""1440382"": 5, ""1440383"": 5, ""1440372"": 6, ""1773269"": 7, ""1440368"": 8, ""1773278"": 8, ""1773267"": 9, ""1440380"": 9, ""1440381"": 9, ""1440384"": 10, ""1440385"": 10, ""1440388"": 10, ""1440401"": 11, ""1440402"": 11, ""1440400"": 12, ""1440399"": 12, ""1440405"": 13, ""1773270"": 13, ""1773440"": 14, ""1440403"": 15, ""1440404"": 15, ""1440406"": 15, ""1440396"": 11, ""1440397"": 11, ""1440394"": 16, ""1440395"": 16, ""1440398"": 16}","{""Interior Walls"": 5.0, ""MEP"": 5.0, ""Ceiling"": 3.0, ""Doors"": 5.0, ""Interior Finishes"": 5.0}"
9,117.58100000000002,95.54600000000003,0,20.0,1,0.24703343921405577,18,"{""1440389"": 1, ""1773274"": 7, ""1440369"": 2, ""1773278"": 2, ""1773440"": 3, ""1440371"": 4, ""1440405"": 5, ""1773270"": 5, ""1440380"": 6, ""1440381"": 6, ""1440382"": 6, ""1773267"": 8, ""1440368"": 9, ""1440403"": 10, ""1440404"": 10, ""1440406"": 10, ""1440384"": 11, ""1440383"": 12, ""1440385"": 13, ""1440388"": 13, ""1440401"": 14, ""1440402"": 14, ""1440376"": 15, ""1440400"": 16, ""1440399"": 16, ""1773269"": 17, ""1440396"": 18, ""1440397"": 18, ""1440372"": 19, ""1440394"": 20, ""1440395"": 20, ""1440398"": 20}","{""Interior Walls"": 5.0, ""MEP"": 4.0, ""Ceiling"": 5.0, ""Doors"": 1, ""Interior Finishes"": 5.0}"
9,123.92266666666666,89.69599999999997,0,19.0,1,0.23806448991214665,19,"{""1440389"": 1, ""1440369"": 2, ""1773278"": 2, ""1773440"": 3, ""1440371"": 4, ""1440405"": 5, ""1773270"": 5, ""1440380"": 6, ""1440381"": 6, ""1440382"": 6, ""1773274"": 7, ""1773267"": 8, ""1440368"": 9, ""1440403"": 10, ""1440404"": 10, ""1440406"": 10, ""1440384"": 11, ""1440383"": 12, ""1440385"": 13, ""1440388"": 13, ""1440401"": 14, ""1440402"": 14, ""1440376"": 15, ""1440400"": 16, ""1440399"": 16, ""1773269"": 17, ""1440396"": 18, ""1440397"": 18, ""1440372"": 19, ""1440394"": 20, ""1440395"": 20, ""1440398"": 20}","{""Interior Walls"": 5.0, ""MEP"": 3.0, ""Ceiling"": 5.0, ""Doors"": 1, ""Interior Finishes"": 5.0}"
9,340.01000000000005,236.45999999999998,0,8.0,1,0.23123844277267688,20,"{""1440394"": 1, ""1440395"": 1, ""1440398"": 1, ""1440389"": 2, ""1773274"": 3, ""1773278"": 10, ""1773440"": 5, ""1440371"": 6, ""1773270"": 7, ""1773267"": 8, ""1440380"": 9, ""1440381"": 9, ""1440369"": 4, ""1440382"": 11, ""1440405"": 12, ""1440368"": 13, ""1440383"": 14, ""1440403"": 15, ""1440404"": 15, ""1440406"": 15, ""1440384"": 16, ""1440385"": 16, ""1440402"": 17, ""1440388"": 18, ""1440376"": 19, ""1440401"": 20, ""1440400"": 21, ""1440399"": 22, ""1773269"": 23, ""1440372"": 24, ""1440396"": 25, ""1440397"": 25}","{""Interior Walls"": 2.0, ""MEP"": 2.0, ""Ceiling"": 1, ""Doors"": 2.0, ""Interior Finishes"": 1}"
10,98.03599999999997,164.07599999999994,0,25.0,1,inf,1,"{""1440394"": 1, ""1440395"": 1, ""1440398"": 1, ""1440372"": 3, ""1440396"": 4, ""1440397"": 4, ""1773269"": 5, ""1440400"": 6, ""1440399"": 6, ""1440376"": 7, ""1440401"": 8, ""1440402"": 8, ""1440384"": 9, ""1440385"": 9, ""1440388"": 9, ""1440403"": 10, ""1440404"": 10, ""1440406"": 10, ""1440382"": 11, ""1440383"": 11, ""1773267"": 12, ""1440380"": 12, ""1440381"": 12, ""1440405"": 2, ""1773270"": 2, ""1440369"": 13, ""1440371"": 13, ""1440368"": 14, ""1773278"": 14, ""1773440"": 15, ""1773274"": 16, ""1440389"": 17}","{""Interior Walls"": 5.0, ""MEP"": 5.0, ""Ceiling"": 5.0, ""Doors"": 5.0, ""Interior Finishes"": 5.0}"
10,494.92,859.12,0,5.0,1,inf,2,"{""1440372"": 1, ""1440384"": 2, ""1440385"": 2, ""1440388"": 2, ""1440394"": 3, ""1440395"": 3, ""1440398"": 3, ""1440376"": 4, ""1440396"": 5, ""1440397"": 5, ""1773269"": 6, ""1440382"": 7, ""1440383"": 7, ""1440400"": 8, ""1440399"": 8, ""1773267"": 9, ""1440380"": 9, ""1440381"": 9, ""1440401"": 10, ""1440402"": 10, ""1773440"": 11, ""1440389"": 12, ""1440369"": 13, ""1440371"": 13, ""1440368"": 14, ""1773278"": 14, ""1440403"": 15, ""1440404"": 15, ""1440406"": 15, ""1440405"": 16, ""1773270"": 16, ""1773274"": 17}","{""Interior Walls"": 1, ""MEP"": 1, ""Ceiling"": 1, ""Doors"": 1, ""Interior Finishes"": 1}"
10,497.3,199.0,0,5.0,1,inf,3,"{""1440376"": 1, ""1440389"": 2, ""1773274"": 3, ""1440369"": 4, ""1440371"": 4, ""1440382"": 5, ""1440383"": 5, ""1440372"": 6, ""1773269"": 7, ""1440368"": 8, ""1773278"": 8, ""1773267"": 9, ""1440380"": 9, ""1440381"": 9, ""1440384"": 10, ""1440385"": 10, ""1440388"": 10, ""1440396"": 14, ""1440397"": 14, ""1440401"": 12, ""1440402"": 12, ""1440400"": 13, ""1440399"": 13, ""1440405"": 11, ""1773270"": 11, ""1773440"": 15, ""1440403"": 16, ""1440404"": 16, ""1440406"": 16, ""1440394"": 17, ""1440395"": 17, ""1440398"": 17}","{""Interior Walls"": 1, ""MEP"": 1, ""Ceiling"": 1, ""Doors"": 1, ""Interior Finishes"": 1}"
10,570.9,0.0,1,10.0,1,inf,4,"{""1440384"": 1, ""1440389"": 1, ""1440395"": 1, ""1440396"": 1, ""1440397"": 1, ""1440398"": 1, ""1440403"": 1, ""1773267"": 1, ""1440405"": 1, ""1773269"": 1, ""1773270"": 1, ""1773274"": 1, ""1440369"": 1, ""1440372"": 1, ""1440376"": 1, ""1440380"": 1, ""1773440"": 1, ""1440385"": 1, ""1440388"": 1, ""1440394"": 1, ""1440399"": 1, ""1440400"": 1, ""1440401"": 1, ""1440402"": 1, ""1440404"": 1, ""1440406"": 1, ""1773278"": 1, ""1440368"": 1, ""1440371"": 1, ""1440381"": 1, ""1440382"": 1, ""1440383"": 1}","{""Interior Walls"": 2.0, ""MEP"": 2.0, ""Ceiling"": 2.0, ""Doors"": 2.0, ""Interior Finishes"": 2.0}"
10,315.40000000000003,96.0,5,10.0,1,inf,5,"{""1440384"": 3, ""1440385"": 1, ""1440388"": 1, ""1440389"": 3, ""1773267"": 1, ""1773269"": 3, ""1773274"": 3, ""1773278"": 1, ""1440368"": 3, ""1440369"": 3, ""1440371"": 1, ""1440372"": 1, ""1440376"": 1, ""1440380"": 1, ""1440381"": 3, ""1440382"": 3, ""1440383"": 3, ""1773440"": 2, ""1440394"": 2, ""1440395"": 2, ""1440396"": 2, ""1440397"": 2, ""1440398"": 2, ""1440399"": 2, ""1440400"": 2, ""1440401"": 2, ""1440402"": 2, ""1440403"": 2, ""1440404"": 2, ""1440405"": 2, ""1440406"": 2, ""1773270"": 2}","{""Interior Walls"": 2.0, ""MEP"": 2.0, ""Ceiling"": 2.0, ""Doors"": 2.0, ""Interior Finishes"": 2.0}"
10,100.66,41.40000000000001,0,24.0,1,inf,6,"{""1440376"": 1, ""1440389"": 7, ""1773274"": 2, ""1440369"": 3, ""1440371"": 3, ""1440382"": 4, ""1440383"": 4, ""1440372"": 5, ""1773269"": 6, ""1440368"": 8, ""1773278"": 8, ""1773267"": 9, ""1440380"": 9, ""1440381"": 9, ""1440384"": 10, ""1440385"": 10, ""1440388"": 10, ""1440396"": 11, ""1440397"": 11, ""1440401"": 12, ""1440402"": 12, ""1440400"": 13, ""1440399"": 13, ""1440405"": 14, ""1773270"": 14, ""1773440"": 15, ""1440403"": 16, ""1440404"": 16, ""1440406"": 16, ""1440394"": 17, ""1440395"": 17, ""1440398"": 17}","{""Interior Walls"": 5.0, ""MEP"": 5.0, ""Ceiling"": 4.0, ""Doors"": 5.0, ""Interior Finishes"": 5.0}"
10,522.4333333333334,0.0,1,11.0,1,inf,7,"{""1440384"": 1, ""1440385"": 1, ""1773440"": 1, ""1440388"": 1, ""1440389"": 1, ""1440394"": 1, ""1440395"": 1, ""1440396"": 1, ""1440397"": 1, ""1440398"": 1, ""1440399"": 1, ""1440400"": 1, ""1440401"": 1, ""1440402"": 1, ""1440403"": 1, ""1440404"": 1, ""1440405"": 1, ""1440406"": 1, ""1773267"": 1, ""1773269"": 1, ""1773270"": 1, ""1773274"": 1, ""1773278"": 1, ""1440368"": 1, ""1440369"": 1, ""1440371"": 1, ""1440372"": 1, ""1440376"": 1, ""1440380"": 1, ""1440381"": 1, ""1440382"": 1, ""1440383"": 1}","{""Interior Walls"": 2.0, ""MEP"": 2.0, ""Ceiling"": 2.0, ""Doors"": 2.0, ""Interior Finishes"": 3.0}"
10,502.4,83.0,4,8.0,1,0.9319388902875961,8,"{""1440384"": 1, ""1440389"": 1, ""1440395"": 1, ""1440396"": 1, ""1440397"": 1, ""1440398"": 4, ""1440403"": 1, ""1773267"": 1, ""1440405"": 1, ""1773269"": 1, ""1773270"": 1, ""1773274"": 1, ""1440369"": 1, ""1440372"": 1, ""1440376"": 1, ""1440380"": 1, ""1440401"": 2, ""1440402"": 2, ""1773440"": 3, ""1440385"": 4, ""1440388"": 4, ""1440394"": 4, ""1773278"": 4, ""1440399"": 4, ""1440400"": 4, ""1440368"": 4, ""1440371"": 4, ""1440404"": 4, ""1440406"": 1, ""1440381"": 4, ""1440382"": 4, ""1440383"": 4}","{""Interior Walls"": 2.0, ""MEP"": 1, ""Ceiling"": 2.0, ""Doors"": 1, ""Interior Finishes"": 2.0}"
10,212.3666666666667,30.66666666666668,1,13.0,1,0.756479625168375,9,"{""1440376"": 1, ""1440389"": 2, ""1773274"": 3, ""1440369"": 4, ""1440371"": 4, ""1440382"": 5, ""1440383"": 6, ""1440372"": 7, ""1773269"": 8, ""1440368"": 9, ""1773278"": 9, ""1773267"": 10, ""1440380"": 10, ""1440381"": 10, ""1440384"": 11, ""1440385"": 11, ""1440388"": 11, ""1440397"": 12, ""1440402"": 13, ""1440396"": 14, ""1440400"": 15, ""1440401"": 15, ""1440399"": 16, ""1440405"": 17, ""1773270"": 17, ""1773440"": 18, ""1440403"": 19, ""1440404"": 19, ""1440406"": 20, ""1440395"": 21, ""1440394"": 22, ""1440398"": 22}","{""Interior Walls"": 5.0, ""MEP"": 3.0, ""Ceiling"": 2.0, ""Doors"": 1, ""Interior Finishes"": 2.0}"
10,361.91999999999996,625.02,0,7.0,1,0.7267509570465837,10,"{""1440389"": 1, ""1440372"": 2, ""1440384"": 3, ""1440385"": 3, ""1440388"": 3, ""1440394"": 4, ""1440395"": 4, ""1440398"": 4, ""1440376"": 5, ""1440396"": 6, ""1440397"": 6, ""1773269"": 7, ""1440382"": 8, ""1440383"": 8, ""1440400"": 9, ""1440399"": 9, ""1773267"": 10, ""1440380"": 10, ""1440381"": 10, ""1440401"": 11, ""1440402"": 11, ""1773440"": 12, ""1440369"": 13, ""1440371"": 13, ""1440368"": 14, ""1773278"": 14, ""1440403"": 15, ""1440404"": 15, ""1440406"": 15, ""1440405"": 16, ""1773270"": 16, ""1773274"": 17}","{""Interior Walls"": 1, ""MEP"": 1, ""Ceiling"": 2, ""Doors"": 1, ""Interior Finishes"": 2.0}"
10,473.67,818.37,0,6.0,1,0.42114228587570723,11,"{""1440372"": 1, ""1440384"": 2, ""1440385"": 2, ""1440388"": 2, ""1440394"": 3, ""1440395"": 3, ""1440398"": 3, ""1440376"": 4, ""1440396"": 5, ""1440397"": 5, ""1773269"": 6, ""1440382"": 7, ""1440383"": 7, ""1440400"": 8, ""1440399"": 8, ""1773267"": 9, ""1440380"": 9, ""1440381"": 9, ""1440401"": 10, ""1440402"": 10, ""1773440"": 11, ""1440389"": 12, ""1440369"": 13, ""1440371"": 13, ""1440368"": 14, ""1773278"": 14, ""1440403"": 15, ""1440404"": 15, ""1440406"": 15, ""1440405"": 16, ""1773270"": 16, ""1773274"": 17}","{""Interior Walls"": 1, ""MEP"": 2, ""Ceiling"": 1, ""Doors"": 1, ""Interior Finishes"": 1}"
10,208.97666666666666,390.54333333333335,0,11.0,1,0.39684492096003354,12,"{""1773269"": 1, ""1440401"": 2, ""1440402"": 2, ""1440384"": 3, ""1440383"": 3, ""1440389"": 4, ""1773274"": 5, ""1773267"": 6, ""1440376"": 7, ""1440372"": 8, ""1440369"": 9, ""1773278"": 9, ""1440380"": 10, ""1440381"": 10, ""1440382"": 10, ""1440385"": 11, ""1440388"": 11, ""1440371"": 12, ""1440368"": 13, ""1440405"": 14, ""1773270"": 14, ""1440396"": 15, ""1440397"": 15, ""1440394"": 16, ""1440395"": 16, ""1440398"": 16, ""1440403"": 17, ""1440404"": 17, ""1440406"": 17, ""1440400"": 18, ""1440399"": 18, ""1773440"": 19}","{""Interior Walls"": 2.0, ""MEP"": 2.0, ""Ceiling"": 2.0, ""Doors"": 2.0, ""Interior Finishes"": 3.0}"
10,130.65200000000002,86.59200000000001,0,16.0,1,0.37830929327019225,13,"{""1440389"": 1, ""1440369"": 2, ""1773278"": 2, ""1773440"": 3, ""1440371"": 4, ""1440405"": 5, ""1773270"": 5, ""1440380"": 6, ""1440381"": 6, ""1440382"": 6, ""1773274"": 7, ""1773267"": 8, ""1440368"": 9, ""1440403"": 10, ""1440404"": 10, ""1440406"": 10, ""1440384"": 11, ""1440383"": 12, ""1440385"": 13, ""1440388"": 13, ""1440401"": 14, ""1440402"": 14, ""1440376"": 8, ""1440400"": 15, ""1440399"": 15, ""1773269"": 16, ""1440396"": 17, ""1440397"": 17, ""1440372"": 18, ""1440394"": 19, ""1440395"": 19, ""1440398"": 19}","{""Interior Walls"": 5.0, ""MEP"": 3.0, ""Ceiling"": 2.0, ""Doors"": 1, ""Interior Finishes"": 5.0}"
10,400.9,24.0,5,10.0,1,0.35512068452434126,14,"{""1440384"": 1, ""1440385"": 2, ""1773440"": 2, ""1440388"": 2, ""1440389"": 1, ""1440394"": 2, ""1440395"": 1, ""1440396"": 1, ""1440397"": 1, ""1440398"": 1, ""1440399"": 2, ""1440400"": 2, ""1440401"": 2, ""1440402"": 2, ""1440403"": 1, ""1440404"": 2, ""1440405"": 1, ""1440406"": 2, ""1773267"": 1, ""1773269"": 1, ""1773270"": 1, ""1773274"": 1, ""1773278"": 2, ""1440368"": 2, ""1440369"": 1, ""1440371"": 2, ""1440372"": 1, ""1440376"": 1, ""1440380"": 1, ""1440381"": 2, ""1440382"": 2, ""1440383"": 2}","{""Interior Walls"": 2.0, ""MEP"": 2.0, ""Ceiling"": 2.0, ""Doors"": 2.0, ""Interior Finishes"": 2.0}"
10,180.91000000000003,61.86,0,14.0,1,0.34220369572321147,15,"{""1440389"": 1, ""1773274"": 2, ""1440402"": 3, ""1773440"": 4, ""1440371"": 5, ""1440405"": 6, ""1773270"": 7, ""1440382"": 8, ""1440380"": 9, ""1440381"": 10, ""1773267"": 11, ""1440369"": 12, ""1440368"": 13, ""1440406"": 14, ""1440403"": 15, ""1440404"": 15, ""1440383"": 16, ""1440384"": 17, ""1440385"": 17, ""1440388"": 18, ""1773278"": 19, ""1440376"": 20, ""1440400"": 21, ""1440401"": 21, ""1440399"": 22, ""1773269"": 23, ""1440397"": 24, ""1440396"": 25, ""1440372"": 26, ""1440398"": 27, ""1440394"": 28, ""1440395"": 29}","{""Interior Walls"": 5.0, ""MEP"": 4.0, ""Ceiling"": 2.0, ""Doors"": 1, ""Interior Finishes"": 2.0}"
10,258.63,258.73,0,9.0,1,0.32905733585204383,16,"{""1440389"": 1, ""1773274"": 2, ""1440405"": 3, ""1773270"": 3, ""1773267"": 4, ""1440376"": 5, ""1773269"": 6, ""1440396"": 7, ""1440397"": 7, ""1440372"": 8, ""1440394"": 9, ""1440395"": 9, ""1440398"": 9, ""1440369"": 10, ""1773278"": 10, ""1440384"": 11, ""1440383"": 11, ""1440380"": 12, ""1440381"": 12, ""1440382"": 12, ""1440403"": 13, ""1440404"": 13, ""1440406"": 13, ""1440400"": 14, ""1440399"": 14, ""1440385"": 15, ""1440388"": 15, ""1773440"": 16, ""1440371"": 17, ""1440368"": 18, ""1440401"": 19, ""1440402"": 19}","{""Interior Walls"": 2.0, ""MEP"": 2.0, ""Ceiling"": 2.0, ""Doors"": 1.0, ""Interior Finishes"": 2.0}"
10,105.152,53.025333333333364,0,23.0,1,0.25959913980165494,17,"{""1440376"": 1, ""1440389"": 2, ""1773274"": 3, ""1440369"": 4, ""1440371"": 4, ""1440382"": 5, ""1440383"": 5, ""1440372"": 6, ""1773269"": 7, ""1440368"": 8, ""1773278"": 8, ""1773267"": 9, ""1440380"": 9, ""1440381"": 9, ""1440384"": 10, ""1440385"": 10, ""1440388"": 10, ""1440401"": 11, ""1440402"": 11, ""1440400"": 12, ""1440399"": 12, ""1440405"": 13, ""1773270"": 13, ""1773440"": 14, ""1440403"": 15, ""1440404"": 15, ""1440406"": 15, ""1440396"": 11, ""1440397"": 11, ""1440394"": 16, ""1440395"": 16, ""1440398"": 16}","{""Interior Walls"": 5.0, ""MEP"": 5.0, ""Ceiling"": 3.0, ""Doors"": 5.0, ""Interior Finishes"": 5.0}"
10,117.58100000000002,95.54600000000003,0,20.0,1,0.24703343921405577,18,"{""1440389"": 1, ""1773274"": 7, ""1440369"": 2, ""1773278"": 2, ""1773440"": 3, ""1440371"": 4, ""1440405"": 5, ""1773270"": 5, ""1440380"": 6, ""1440381"": 6, ""1440382"": 6, ""1773267"": 8, ""1440368"": 9, ""1440403"": 10, ""1440404"": 10, ""1440406"": 10, ""1440384"": 11, ""1440383"": 12, ""1440385"": 13, ""1440388"": 13, ""1440401"": 14, ""1440402"": 14, ""1440376"": 15, ""1440400"": 16, ""1440399"": 16, ""1773269"": 17, ""1440396"": 18, ""1440397"": 18, ""1440372"": 19, ""1440394"": 20, ""1440395"": 20, ""1440398"": 20}","{""Interior Walls"": 5.0, ""MEP"": 4.0, ""Ceiling"": 5.0, ""Doors"": 1, ""Interior Finishes"": 5.0}"
10,205.04000000000002,122.49000000000002,0,13.0,1,0.2385938492161778,19,"{""1440389"": 1, ""1773274"": 2, ""1773278"": 3, ""1773440"": 4, ""1440371"": 5, ""1440405"": 6, ""1773270"": 6, ""1440380"": 7, ""1440381"": 7, ""1440382"": 7, ""1773267"": 8, ""1440369"": 9, ""1440368"": 10, ""1440403"": 11, ""1440404"": 11, ""1440406"": 11, ""1440384"": 12, ""1440383"": 12, ""1440385"": 13, ""1440388"": 13, ""1440401"": 14, ""1440402"": 14, ""1440376"": 15, ""1440400"": 16, ""1440399"": 16, ""1773269"": 17, ""1440396"": 18, ""1440397"": 18, ""1440372"": 19, ""1440394"": 20, ""1440395"": 20, ""1440398"": 20}","{""Interior Walls"": 5.0, ""MEP"": 2.0, ""Ceiling"": 2.0, ""Doors"": 2.0, ""Interior Finishes"": 2.0}"
10,123.92266666666666,89.69599999999997,0,19.0,1,0.23806448991214665,20,"{""1440389"": 1, ""1440369"": 2, ""1773278"": 2, ""1773440"": 3, ""1440371"": 4, ""1440405"": 5, ""1773270"": 5, ""1440380"": 6, ""1440381"": 6, ""1440382"": 6, ""1773274"": 7, ""1773267"": 8, ""1440368"": 9, ""1440403"": 10, ""1440404"": 10, ""1440406"": 10, ""1440384"": 11, ""1440383"": 12, ""1440385"": 13, ""1440388"": 13, ""1440401"": 14, ""1440402"": 14, ""1440376"": 15, ""1440400"": 16, ""1440399"": 16, ""1773269"": 17, ""1440396"": 18, ""1440397"": 18, ""1440372"": 19, ""1440394"": 20, ""1440395"": 20, ""1440398"": 20}","{""Interior Walls"": 5.0, ""MEP"": 3.0, ""Ceiling"": 5.0, ""Doors"": 1, ""Interior Finishes"": 5.0}"
11,98.03599999999997,164.07599999999994,0,25.0,1,inf,1,"{""1440394"": 1, ""1440395"": 1, ""1440398"": 1, ""1440372"": 3, ""1440396"": 4, ""1440397"": 4, ""1773269"": 5, ""1440400"": 6, ""1440399"": 6, ""1440376"": 7, ""1440401"": 8, ""1440402"": 8, ""1440384"": 9, ""1440385"": 9, ""1440388"": 9, ""1440403"": 10, ""1440404"": 10, ""1440406"": 10, ""1440382"": 11, ""1440383"": 11, ""1773267"": 12, ""1440380"": 12, ""1440381"": 12, ""1440405"": 2, ""1773270"": 2, ""1440369"": 13, ""1440371"": 13, ""1440368"": 14, ""1773278"": 14, ""1773440"": 15, ""1773274"": 16, ""1440389"": 17}","{""Interior Walls"": 5.0, ""MEP"": 5.0, ""Ceiling"": 5.0, ""Doors"": 5.0, ""Interior Finishes"": 5.0}"
11,494.92,859.12,0,5.0,1,inf,2,"{""1440372"": 1, ""1440384"": 2, ""1440385"": 2, ""1440388"": 2, ""1440394"": 3, ""1440395"": 3, ""1440398"": 3, ""1440376"": 4, ""1440396"": 5, ""1440397"": 5, ""1773269"": 6, ""1440382"": 7, ""1440383"": 7, ""1440400"": 8, ""1440399"": 8, ""1773267"": 9, ""1440380"": 9, ""1440381"": 9, ""1440401"": 10, ""1440402"": 10, ""1773440"": 11, ""1440389"": 12, ""1440369"": 13, ""1440371"": 13, ""1440368"": 14, ""1773278"": 14, ""1440403"": 15, ""1440404"": 15, ""1440406"": 15, ""1440405"": 16, ""1773270"": 16, ""1773274"": 17}","{""Interior Walls"": 1, ""MEP"": 1, ""Ceiling"": 1, ""Doors"": 1, ""Interior Finishes"": 1}"
11,497.3,199.0,0,5.0,1,inf,3,"{""1440376"": 1, ""1440389"": 2, ""1773274"": 3, ""1440369"": 4, ""1440371"": 4, ""1440382"": 5, ""1440383"": 5, ""1440372"": 6, ""1773269"": 7, ""1440368"": 8, ""1773278"": 8, ""1773267"": 9, ""1440380"": 9, ""1440381"": 9, ""1440384"": 10, ""1440385"": 10, ""1440388"": 10, ""1440396"": 14, ""1440397"": 14, ""1440401"": 12, ""1440402"": 12, ""1440400"": 13, ""1440399"": 13, ""1440405"": 11, ""1773270"": 11, ""1773440"": 15, ""1440403"": 16, ""1440404"": 16, ""1440406"": 16, ""1440394"": 17, ""1440395"": 17, ""1440398"": 17}","{""Interior Walls"": 1, ""MEP"": 1, ""Ceiling"": 1, ""Doors"": 1, ""Interior Finishes"": 1}"
11,570.9,0.0,1,10.0,1,inf,4,"{""1440384"": 1, ""1440389"": 1, ""1440395"": 1, ""1440396"": 1, ""1440397"": 1, ""1440398"": 1, ""1440403"": 1, ""1773267"": 1, ""1440405"": 1, ""1773269"": 1, ""1773270"": 1, ""1773274"": 1, ""1440369"": 1, ""1440372"": 1, ""1440376"": 1, ""1440380"": 1, ""1773440"": 1, ""1440385"": 1, ""1440388"": 1, ""1440394"": 1, ""1440399"": 1, ""1440400"": 1, ""1440401"": 1, ""1440402"": 1, ""1440404"": 1, ""1440406"": 1, ""1773278"": 1, ""1440368"": 1, ""1440371"": 1, ""1440381"": 1, ""1440382"": 1, ""1440383"": 1}","{""Interior Walls"": 2.0, ""MEP"": 2.0, ""Ceiling"": 2.0, ""Doors"": 2.0, ""Interior Finishes"": 2.0}"
11,522.4333333333334,0.0,1,11.0,1,inf,5,"{""1440384"": 1, ""1440385"": 1, ""1773440"": 1, ""1440388"": 1, ""1440389"": 1, ""1440394"": 1, ""1440395"": 1, ""1440396"": 1, ""1440397"": 1, ""1440398"": 1, ""1440399"": 1, ""1440400"": 1, ""1440401"": 1, ""1440402"": 1, ""1440403"": 1, ""1440404"": 1, ""1440405"": 1, ""1440406"": 1, ""1773267"": 1, ""1773269"": 1, ""1773270"": 1, ""1773274"": 1, ""1773278"": 1, ""1440368"": 1, ""1440369"": 1, ""1440371"": 1, ""1440372"": 1, ""1440376"": 1, ""1440380"": 1, ""1440381"": 1, ""1440382"": 1, ""1440383"": 1}","{""Interior Walls"": 2.0, ""MEP"": 2.0, ""Ceiling"": 2.0, ""Doors"": 2.0, ""Interior Finishes"": 3.0}"
11,474.89,516.74,6,8.0,1,inf,6,"{""1440385"": 6, ""1440388"": 6, ""1773267"": 1, ""1440372"": 6, ""1440376"": 1, ""1440380"": 6, ""1773278"": 1, ""1440369"": 2, ""1440371"": 2, ""1773440"": 3, ""1440394"": 3, ""1440395"": 3, ""1440396"": 3, ""1440397"": 3, ""1440398"": 3, ""1440399"": 3, ""1440400"": 3, ""1440401"": 3, ""1440402"": 3, ""1440403"": 3, ""1440404"": 3, ""1440405"": 3, ""1440406"": 3, ""1773270"": 3, ""1773274"": 4, ""1440384"": 5, ""1440389"": 5, ""1440368"": 5, ""1773269"": 5, ""1440381"": 5, ""1440382"": 5, ""1440383"": 5}","{""Interior Walls"": 1, ""MEP"": 2.0, ""Ceiling"": 1, ""Doors"": 2.0, ""Interior Finishes"": 2.0}"
11,354.2250000000001,17.75,0,13.0,1,inf,7,"{""1440376"": 1, ""1440389"": 2, ""1773274"": 3, ""1440369"": 4, ""1440371"": 5, ""1440382"": 6, ""1440383"": 7, ""1440372"": 8, ""1773269"": 9, ""1440368"": 10, ""1773278"": 11, ""1773267"": 12, ""1440380"": 13, ""1440381"": 14, ""1440388"": 15, ""1440384"": 16, ""1440385"": 16, ""1440397"": 17, ""1440402"": 18, ""1440396"": 19, ""1440400"": 20, ""1440401"": 20, ""1440399"": 21, ""1440405"": 22, ""1773270"": 23, ""1773440"": 24, ""1440403"": 25, ""1440404"": 25, ""1440406"": 26, ""1440395"": 27, ""1440398"": 28, ""1440394"": 29}","{""Interior Walls"": 5.0, ""MEP"": 4.0, ""Ceiling"": 2.0, ""Doors"": 1, ""Interior Finishes"": 1.0}"
11,502.4,83.0,4,8.0,1,0.7986055569542627,8,"{""1440384"": 1, ""1440389"": 1, ""1440395"": 1, ""1440396"": 1, ""1440397"": 1, ""1440398"": 4, ""1440403"": 1, ""1773267"": 1, ""1440405"": 1, ""1773269"": 1, ""1773270"": 1, ""1773274"": 1, ""1440369"": 1, ""1440372"": 1, ""1440376"": 1, ""1440380"": 1, ""1440401"": 2, ""1440402"": 2, ""1773440"": 3, ""1440385"": 4, ""1440388"": 4, ""1440394"": 4, ""1773278"": 4, ""1440399"": 4, ""1440400"": 4, ""1440368"": 4, ""1440371"": 4, ""1440404"": 4, ""1440406"": 1, ""1440381"": 4, ""1440382"": 4, ""1440383"": 4}","{""Interior Walls"": 2.0, ""MEP"": 1, ""Ceiling"": 2.0, ""Doors"": 1, ""Interior Finishes"": 2.0}"
11,212.3666666666667,30.66666666666668,1,13.0,1,0.6622609593427979,9,"{""1440376"": 1, ""1440389"": 2, ""1773274"": 3, ""1440369"": 4, ""1440371"": 4, ""1440382"": 5, ""1440383"": 6, ""1440372"": 7, ""1773269"": 8, ""1440368"": 9, ""1773278"": 9, ""1773267"": 10, ""1440380"": 10, ""1440381"": 10, ""1440384"": 11, ""1440385"": 11, ""1440388"": 11, ""1440397"": 12, ""1440402"": 13, ""1440396"": 14, ""1440400"": 15, ""1440401"": 15, ""1440399"": 16, ""1440405"": 17, ""1773270"": 17, ""1773440"": 18, ""1440403"": 19, ""1440404"": 19, ""1440406"": 20, ""1440395"": 21, ""1440394"": 22, ""1440398"": 22}","{""Interior Walls"": 5.0, ""MEP"": 3.0, ""Ceiling"": 2.0, ""Doors"": 1, ""Interior Finishes"": 2.0}"
11,473.67,818.37,0,6.0,1,0.52896017854675,10,"{""1440372"": 1, ""1440384"": 2, ""1440385"": 2, ""1440388"": 2, ""1440394"": 3, ""1440395"": 3, ""1440398"": 3, ""1440376"": 4, ""1440396"": 5, ""1440397"": 5, ""1773269"": 6, ""1440382"": 7, ""1440383"": 7, ""1440400"": 8, ""1440399"": 8, ""1773267"": 9, ""1440380"": 9, ""1440381"": 9, ""1440401"": 10, ""1440402"": 10, ""1773440"": 11, ""1440389"": 12, ""1440369"": 13, ""1440371"": 13, ""1440368"": 14, ""1773278"": 14, ""1440403"": 15, ""1440404"": 15, ""1440406"": 15, ""1440405"": 16, ""1773270"": 16, ""1773274"": 17}","{""Interior Walls"": 1, ""MEP"": 2, ""Ceiling"": 1, ""Doors"": 1, ""Interior Finishes"": 1}"
11,361.91999999999996,625.02,0,7.0,1,0.48642614638651194,11,"{""1440389"": 1, ""1440372"": 2, ""1440384"": 3, ""1440385"": 3, ""1440388"": 3, ""1440394"": 4, ""1440395"": 4, ""1440398"": 4, ""1440376"": 5, ""1440396"": 6, ""1440397"": 6, ""1773269"": 7, ""1440382"": 8, ""1440383"": 8, ""1440400"": 9, ""1440399"": 9, ""1773267"": 10, ""1440380"": 10, ""1440381"": 10, ""1440401"": 11, ""1440402"": 11, ""1773440"": 12, ""1440369"": 13, ""1440371"": 13, ""1440368"": 14, ""1773278"": 14, ""1440403"": 15, ""1440404"": 15, ""1440406"": 15, ""1440405"": 16, ""1773270"": 16, ""1773274"": 17}","{""Interior Walls"": 1, ""MEP"": 1, ""Ceiling"": 2, ""Doors"": 1, ""Interior Finishes"": 2.0}"
11,315.40000000000003,96.0,5,10.0,1,0.450190711823065,12,"{""1440384"": 3, ""1440385"": 1, ""1440388"": 1, ""1440389"": 3, ""1773267"": 1, ""1773269"": 3, ""1773274"": 3, ""1773278"": 1, ""1440368"": 3, ""1440369"": 3, ""1440371"": 1, ""1440372"": 1, ""1440376"": 1, ""1440380"": 1, ""1440381"": 3, ""1440382"": 3, ""1440383"": 3, ""1773440"": 2, ""1440394"": 2, ""1440395"": 2, ""1440396"": 2, ""1440397"": 2, ""1440398"": 2, ""1440399"": 2, ""1440400"": 2, ""1440401"": 2, ""1440402"": 2, ""1440403"": 2, ""1440404"": 2, ""1440405"": 2, ""1440406"": 2, ""1773270"": 2}","{""Interior Walls"": 2.0, ""MEP"": 2.0, ""Ceiling"": 2.0, ""Doors"": 2.0, ""Interior Finishes"": 2.0}"
11,258.63,258.73,0,9.0,1,0.4287304823017335,13,"{""1440389"": 1, ""1773274"": 2, ""1440405"": 3, ""1773270"": 3, ""1773267"": 4, ""1440376"": 5, ""1773269"": 6, ""1440396"": 7, ""1440397"": 7, ""1440372"": 8, ""1440394"": 9, ""1440395"": 9, ""1440398"": 9, ""1440369"": 10, ""1773278"": 10, ""1440384"": 11, ""1440383"": 11, ""1440380"": 12, ""1440381"": 12, ""1440382"": 12, ""1440403"": 13, ""1440404"": 13, ""1440406"": 13, ""1440400"": 14, ""1440399"": 14, ""1440385"": 15, ""1440388"": 15, ""1773440"": 16, ""1440371"": 17, ""1440368"": 18, ""1440401"": 19, ""1440402"": 19}","{""Interior Walls"": 2.0, ""MEP"": 2.0, ""Ceiling"": 2.0, ""Doors"": 1.0, ""Interior Finishes"": 2.0}"
11,400.9,24.0,5,10.0,1,0.39469822230193596,14,"{""1440384"": 1, ""1440385"": 2, ""1773440"": 2, ""1440388"": 2, ""1440389"": 1, ""1440394"": 2, ""1440395"": 1, ""1440396"": 1, ""1440397"": 1, ""1440398"": 1, ""1440399"": 2, ""1440400"": 2, ""1440401"": 2, ""1440402"": 2, ""1440403"": 1, ""1440404"": 2, ""1440405"": 1, ""1440406"": 2, ""1773267"": 1, ""1773269"": 1, ""1773270"": 1, ""1773274"": 1, ""1773278"": 2, ""1440368"": 2, ""1440369"": 1, ""1440371"": 2, ""1440372"": 1, ""1440376"": 1, ""1440380"": 1, ""1440381"": 2, ""1440382"": 2, ""1440383"": 2}","{""Interior Walls"": 2.0, ""MEP"": 2.0, ""Ceiling"": 2.0, ""Doors"": 2.0, ""Interior Finishes"": 2.0}"
11,254.13500000000002,370.10999999999996,0,11.0,1,0.30126476052316004,15,"{""1440389"": 1, ""1773274"": 2, ""1440402"": 3, ""1773440"": 4, ""1440371"": 5, ""1440405"": 6, ""1773270"": 7, ""1440382"": 8, ""1440380"": 9, ""1440381"": 10, ""1773267"": 11, ""1440369"": 12, ""1440368"": 13, ""1440406"": 14, ""1440403"": 15, ""1440404"": 15, ""1440383"": 16, ""1440384"": 17, ""1440385"": 17, ""1440388"": 18, ""1773278"": 19, ""1440376"": 20, ""1440400"": 21, ""1440401"": 21, ""1440399"": 22, ""1773269"": 23, ""1440397"": 24, ""1440396"": 25, ""1440372"": 26, ""1440398"": 27, ""1440394"": 28, ""1440395"": 29}","{""Interior Walls"": 2.0, ""MEP"": 4.0, ""Ceiling"": 2.0, ""Doors"": 1, ""Interior Finishes"": 2.0}"
11,130.65200000000002,86.59200000000001,0,16.0,1,0.2793353811094018,16,"{""1440389"": 1, ""1440369"": 2, ""1773278"": 2, ""1773440"": 3, ""1440371"": 4, ""1440405"": 5, ""1773270"": 5, ""1440380"": 6, ""1440381"": 6, ""1440382"": 6, ""1773274"": 7, ""1773267"": 8, ""1440368"": 9, ""1440403"": 10, ""1440404"": 10, ""1440406"": 10, ""1440384"": 11, ""1440383"": 12, ""1440385"": 13, ""1440388"": 13, ""1440401"": 14, ""1440402"": 14, ""1440376"": 8, ""1440400"": 15, ""1440399"": 15, ""1773269"": 16, ""1440396"": 17, ""1440397"": 17, ""1440372"": 18, ""1440394"": 19, ""1440395"": 19, ""1440398"": 19}","{""Interior Walls"": 5.0, ""MEP"": 3.0, ""Ceiling"": 2.0, ""Doors"": 1, ""Interior Finishes"": 5.0}"
11,105.152,53.025333333333364,0,23.0,1,0.25637723832107023,17,"{""1440376"": 1, ""1440389"": 2, ""1773274"": 3, ""1440369"": 4, ""1440371"": 4, ""1440382"": 5, ""1440383"": 5, ""1440372"": 6, ""1773269"": 7, ""1440368"": 8, ""1773278"": 8, ""1773267"": 9, ""1440380"": 9, ""1440381"": 9, ""1440384"": 10, ""1440385"": 10, ""1440388"": 10, ""1440401"": 11, ""1440402"": 11, ""1440400"": 12, ""1440399"": 12, ""1440405"": 13, ""1773270"": 13, ""1773440"": 14, ""1440403"": 15, ""1440404"": 15, ""1440406"": 15, ""1440396"": 11, ""1440397"": 11, ""1440394"": 16, ""1440395"": 16, ""1440398"": 16}","{""Interior Walls"": 5.0, ""MEP"": 5.0, ""Ceiling"": 3.0, ""Doors"": 5.0, ""Interior Finishes"": 5.0}"
11,117.58100000000002,95.54600000000003,0,20.0,1,0.24703343921405577,18,"{""1440389"": 1, ""1773274"": 7, ""1440369"": 2, ""1773278"": 2, ""1773440"": 3, ""1440371"": 4, ""1440405"": 5, ""1773270"": 5, ""1440380"": 6, ""1440381"": 6, ""1440382"": 6, ""1773267"": 8, ""1440368"": 9, ""1440403"": 10, ""1440404"": 10, ""1440406"": 10, ""1440384"": 11, ""1440383"": 12, ""1440385"": 13, ""1440388"": 13, ""1440401"": 14, ""1440402"": 14, ""1440376"": 15, ""1440400"": 16, ""1440399"": 16, ""1773269"": 17, ""1440396"": 18, ""1440397"": 18, ""1440372"": 19, ""1440394"": 20, ""1440395"": 20, ""1440398"": 20}","{""Interior Walls"": 5.0, ""MEP"": 4.0, ""Ceiling"": 5.0, ""Doors"": 1, ""Interior Finishes"": 5.0}"
11,123.92266666666666,89.69599999999997,0,19.0,1,0.23806448991214665,19,"{""1440389"": 1, ""1440369"": 2, ""1773278"": 2, ""1773440"": 3, ""1440371"": 4, ""1440405"": 5, ""1773270"": 5, ""1440380"": 6, ""1440381"": 6, ""1440382"": 6, ""1773274"": 7, ""1773267"": 8, ""1440368"": 9, ""1440403"": 10, ""1440404"": 10, ""1440406"": 10, ""1440384"": 11, ""1440383"": 12, ""1440385"": 13, ""1440388"": 13, ""1440401"": 14, ""1440402"": 14, ""1440376"": 15, ""1440400"": 16, ""1440399"": 16, ""1773269"": 17, ""1440396"": 18, ""1440397"": 18, ""1440372"": 19, ""1440394"": 20, ""1440395"": 20, ""1440398"": 20}","{""Interior Walls"": 5.0, ""MEP"": 3.0, ""Ceiling"": 5.0, ""Doors"": 1, ""Interior Finishes"": 5.0}"
11,180.91000000000003,61.86,0,14.0,1,0.22783185928623453,20,"{""1440389"": 1, ""1773274"": 2, ""1440402"": 3, ""1773440"": 4, ""1440371"": 5, ""1440405"": 6, ""1773270"": 7, ""1440382"": 8, ""1440380"": 9, ""1440381"": 10, ""1773267"": 11, ""1440369"": 12, ""1440368"": 13, ""1440406"": 14, ""1440403"": 15, ""1440404"": 15, ""1440383"": 16, ""1440384"": 17, ""1440385"": 17, ""1440388"": 18, ""1773278"": 19, ""1440376"": 20, ""1440400"": 21, ""1440401"": 21, ""1440399"": 22, ""1773269"": 23, ""1440397"": 24, ""1440396"": 25, ""1440372"": 26, ""1440398"": 27, ""1440394"": 28, ""1440395"": 29}","{""Interior Walls"": 5.0, ""MEP"": 4.0, ""Ceiling"": 2.0, ""Doors"": 1, ""Interior Finishes"": 2.0}"
12,98.03599999999997,164.07599999999994,0,25.0,1,inf,1,"{""1440394"": 1, ""1440395"": 1, ""1440398"": 1, ""1440372"": 3, ""1440396"": 4, ""1440397"": 4, ""1773269"": 5, ""1440400"": 6, ""1440399"": 6, ""1440376"": 7, ""1440401"": 8, ""1440402"": 8, ""1440384"": 9, ""1440385"": 9, ""1440388"": 9, ""1440403"": 10, ""1440404"": 10, ""1440406"": 10, ""1440382"": 11, ""1440383"": 11, ""1773267"": 12, ""1440380"": 12, ""1440381"": 12, ""1440405"": 2, ""1773270"": 2, ""1440369"": 13, ""1440371"": 13, ""1440368"": 14, ""1773278"": 14, ""1773440"": 15, ""1773274"": 16, ""1440389"": 17}","{""Interior Walls"": 5.0, ""MEP"": 5.0, ""Ceiling"": 5.0, ""Doors"": 5.0, ""Interior Finishes"": 5.0}"
12,494.92,859.12,0,5.0,1,inf,2,"{""1440372"": 1, ""1440384"": 2, ""1440385"": 2, ""1440388"": 2, ""1440394"": 3, ""1440395"": 3, ""1440398"": 3, ""1440376"": 4, ""1440396"": 5, ""1440397"": 5, ""1773269"": 6, ""1440382"": 7, ""1440383"": 7, ""1440400"": 8, ""1440399"": 8, ""1773267"": 9, ""1440380"": 9, ""1440381"": 9, ""1440401"": 10, ""1440402"": 10, ""1773440"": 11, ""1440389"": 12, ""1440369"": 13, ""1440371"": 13, ""1440368"": 14, ""1773278"": 14, ""1440403"": 15, ""1440404"": 15, ""1440406"": 15, ""1440405"": 16, ""1773270"": 16, ""1773274"": 17}","{""Interior Walls"": 1, ""MEP"": 1, ""Ceiling"": 1, ""Doors"": 1, ""Interior Finishes"": 1}"
12,497.3,199.0,0,5.0,1,inf,3,"{""1440376"": 1, ""1440389"": 2, ""1773274"": 3, ""1440369"": 4, ""1440371"": 4, ""1440382"": 5, ""1440383"": 5, ""1440372"": 6, ""1773269"": 7, ""1440368"": 8, ""1773278"": 8, ""1773267"": 9, ""1440380"": 9, ""1440381"": 9, ""1440384"": 10, ""1440385"": 10, ""1440388"": 10, ""1440396"": 14, ""1440397"": 14, ""1440401"": 12, ""1440402"": 12, ""1440400"": 13, ""1440399"": 13, ""1440405"": 11, ""1773270"": 11, ""1773440"": 15, ""1440403"": 16, ""1440404"": 16, ""1440406"": 16, ""1440394"": 17, ""1440395"": 17, ""1440398"": 17}","{""Interior Walls"": 1, ""MEP"": 1, ""Ceiling"": 1, ""Doors"": 1, ""Interior Finishes"": 1}"
12,570.9,0.0,1,10.0,1,inf,4,"{""1440384"": 1, ""1440389"": 1, ""1440395"": 1, ""1440396"": 1, ""1440397"": 1, ""1440398"": 1, ""1440403"": 1, ""1773267"": 1, ""1440405"": 1, ""1773269"": 1, ""1773270"": 1, ""1773274"": 1, ""1440369"": 1, ""1440372"": 1, ""1440376"": 1, ""1440380"": 1, ""1773440"": 1, ""1440385"": 1, ""1440388"": 1, ""1440394"": 1, ""1440399"": 1, ""1440400"": 1, ""1440401"": 1, ""1440402"": 1, ""1440404"": 1, ""1440406"": 1, ""1773278"": 1, ""1440368"": 1, ""1440371"": 1, ""1440381"": 1, ""1440382"": 1, ""1440383"": 1}","{""Interior Walls"": 2.0, ""MEP"": 2.0, ""Ceiling"": 2.0, ""Doors"": 2.0, ""Interior Finishes"": 2.0}"
12,354.2250000000001,17.75,0,13.0,1,inf,5,"{""1440376"": 1, ""1440389"": 2, ""1773274"": 3, ""1440369"": 4, ""1440371"": 5, ""1440382"": 6, ""1440383"": 7, ""1440372"": 8, ""1773269"": 9, ""1440368"": 10, ""1773278"": 11, ""1773267"": 12, ""1440380"": 13, ""1440381"": 14, ""1440388"": 15, ""1440384"": 16, ""1440385"": 16, ""1440397"": 17, ""1440402"": 18, ""1440396"": 19, ""1440400"": 20, ""1440401"": 20, ""1440399"": 21, ""1440405"": 22, ""1773270"": 23, ""1773440"": 24, ""1440403"": 25, ""1440404"": 25, ""1440406"": 26, ""1440395"": 27, ""1440398"": 28, ""1440394"": 29}","{""Interior Walls"": 5.0, ""MEP"": 4.0, ""Ceiling"": 2.0, ""Doors"": 1, ""Interior Finishes"": 1.0}"
12,462.87,433.72,5,7.0,1,inf,6,"{""1440376"": 1, ""1773267"": 1, ""1773278"": 1, ""1440369"": 2, ""1440371"": 2, ""1440401"": 3, ""1440402"": 3, ""1773440"": 4, ""1440394"": 4, ""1440395"": 4, ""1440396"": 4, ""1440397"": 4, ""1440398"": 4, ""1440399"": 4, ""1440400"": 4, ""1440403"": 4, ""1440404"": 4, ""1440405"": 4, ""1440406"": 4, ""1773270"": 4, ""1773274"": 7, ""1440389"": 6, ""1440368"": 6, ""1773269"": 6, ""1440381"": 6, ""1440382"": 6, ""1440383"": 6, ""1440384"": 5, ""1440385"": 5, ""1440388"": 5, ""1440380"": 8, ""1440372"": 8}","{""Interior Walls"": 1, ""MEP"": 2.0, ""Ceiling"": 1, ""Doors"": 1, ""Interior Finishes"": 2.0}"
12,510.1,0.0,1,12.0,1,inf,7,"{""1440384"": 1, ""1773440"": 1, ""1440385"": 1, ""1440388"": 1, ""1440389"": 1, ""1440394"": 1, ""1440395"": 1, ""1440396"": 1, ""1440397"": 1, ""1440398"": 1, ""1440399"": 1, ""1440400"": 1, ""1440401"": 1, ""1440402"": 1, ""1440403"": 1, ""1440404"": 1, ""1440405"": 1, ""1440406"": 1, ""1773267"": 1, ""1773269"": 1, ""1773270"": 1, ""1773274"": 1, ""1773278"": 1, ""1440368"": 1, ""1440369"": 1, ""1440371"": 1, ""1440372"": 1, ""1440376"": 1, ""1440380"": 1, ""1440381"": 1, ""1440382"": 1, ""1440383"": 1}","{""Interior Walls"": 2.0, ""MEP"": 2.0, ""Ceiling"": 2.0, ""Doors"": 3.0, ""Interior Finishes"": 3.0}"
12,502.4,83.0,4,8.0,1,0.9502618182001654,8,"{""1440384"": 1, ""1440389"": 1, ""1440395"": 1, ""1440396"": 1, ""1440397"": 1, ""1440398"": 4, ""1440403"": 1, ""1773267"": 1, ""1440405"": 1, ""1773269"": 1, ""1773270"": 1, ""1773274"": 1, ""1440369"": 1, ""1440372"": 1, ""1440376"": 1, ""1440380"": 1, ""1440401"": 2, ""1440402"": 2, ""1773440"": 3, ""1440385"": 4, ""1440388"": 4, ""1440394"": 4, ""1773278"": 4, ""1440399"": 4, ""1440400"": 4, ""1440368"": 4, ""1440371"": 4, ""1440404"": 4, ""1440406"": 1, ""1440381"": 4, ""1440382"": 4, ""1440383"": 4}","{""Interior Walls"": 2.0, ""MEP"": 1, ""Ceiling"": 2.0, ""Doors"": 1, ""Interior Finishes"": 2.0}"
12,212.3666666666667,30.66666666666668,1,13.0,1,0.8214010741419242,9,"{""1440376"": 1, ""1440389"": 2, ""1773274"": 3, ""1440369"": 4, ""1440371"": 4, ""1440382"": 5, ""1440383"": 6, ""1440372"": 7, ""1773269"": 8, ""1440368"": 9, ""1773278"": 9, ""1773267"": 10, ""1440380"": 10, ""1440381"": 10, ""1440384"": 11, ""1440385"": 11, ""1440388"": 11, ""1440397"": 12, ""1440402"": 13, ""1440396"": 14, ""1440400"": 15, ""1440401"": 15, ""1440399"": 16, ""1440405"": 17, ""1773270"": 17, ""1773440"": 18, ""1440403"": 19, ""1440404"": 19, ""1440406"": 20, ""1440395"": 21, ""1440394"": 22, ""1440398"": 22}","{""Interior Walls"": 5.0, ""MEP"": 3.0, ""Ceiling"": 2.0, ""Doors"": 1, ""Interior Finishes"": 2.0}"
12,324.64,483.73999999999995,0,7.0,1,0.5704032769853264,10,"{""1440376"": 9, ""1440389"": 2, ""1773274"": 3, ""1440372"": 4, ""1773269"": 5, ""1440396"": 6, ""1440397"": 6, ""1440405"": 7, ""1773270"": 7, ""1440403"": 8, ""1440404"": 8, ""1440406"": 8, ""1773267"": 1, ""1440380"": 9, ""1440381"": 9, ""1440401"": 10, ""1440402"": 10, ""1440369"": 11, ""1440371"": 11, ""1440384"": 12, ""1440385"": 12, ""1440388"": 12, ""1773440"": 13, ""1440394"": 14, ""1440395"": 14, ""1440398"": 14, ""1440382"": 15, ""1440383"": 15, ""1440368"": 16, ""1773278"": 16, ""1440400"": 17, ""1440399"": 17}","{""Interior Walls"": 2.0, ""MEP"": 1, ""Ceiling"": 1, ""Doors"": 1, ""Interior Finishes"": 2.0}"
12,473.67,818.37,0,6.0,1,0.5148081764379621,11,"{""1440372"": 1, ""1440384"": 2, ""1440385"": 2, ""1440388"": 2, ""1440394"": 3, ""1440395"": 3, ""1440398"": 3, ""1440376"": 4, ""1440396"": 5, ""1440397"": 5, ""1773269"": 6, ""1440382"": 7, ""1440383"": 7, ""1440400"": 8, ""1440399"": 8, ""1773267"": 9, ""1440380"": 9, ""1440381"": 9, ""1440401"": 10, ""1440402"": 10, ""1773440"": 11, ""1440389"": 12, ""1440369"": 13, ""1440371"": 13, ""1440368"": 14, ""1773278"": 14, ""1440403"": 15, ""1440404"": 15, ""1440406"": 15, ""1440405"": 16, ""1773270"": 16, ""1773274"": 17}","{""Interior Walls"": 1, ""MEP"": 2, ""Ceiling"": 1, ""Doors"": 1, ""Interior Finishes"": 1}"
12,400.9,24.0,5,10.0,1,0.4447942722741154,12,"{""1440384"": 1, ""1440385"": 2, ""1773440"": 2, ""1440388"": 2, ""1440389"": 1, ""1440394"": 2, ""1440395"": 1, ""1440396"": 1, ""1440397"": 1, ""1440398"": 1, ""1440399"": 2, ""1440400"": 2, ""1440401"": 2, ""1440402"": 2, ""1440403"": 1, ""1440404"": 2, ""1440405"": 1, ""1440406"": 2, ""1773267"": 1, ""1773269"": 1, ""1773270"": 1, ""1773274"": 1, ""1773278"": 2, ""1440368"": 2, ""1440369"": 1, ""1440371"": 2, ""1440372"": 1, ""1440376"": 1, ""1440380"": 1, ""1440381"": 2, ""1440382"": 2, ""1440383"": 2}","{""Interior Walls"": 2.0, ""MEP"": 2.0, ""Ceiling"": 2.0, ""Doors"": 2.0, ""Interior Finishes"": 2.0}"
12,258.63,258.73,0,9.0,1,0.3920650572155988,13,"{""1440389"": 1, ""1773274"": 2, ""1440405"": 3, ""1773270"": 3, ""1773267"": 4, ""1440376"": 5, ""1773269"": 6, ""1440396"": 7, ""1440397"": 7, ""1440372"": 8, ""1440394"": 9, ""1440395"": 9, ""1440398"": 9, ""1440369"": 10, ""1773278"": 10, ""1440384"": 11, ""1440383"": 11, ""1440380"": 12, ""1440381"": 12, ""1440382"": 12, ""1440403"": 13, ""1440404"": 13, ""1440406"": 13, ""1440400"": 14, ""1440399"": 14, ""1440385"": 15, ""1440388"": 15, ""1773440"": 16, ""1440371"": 17, ""1440368"": 18, ""1440401"": 19, ""1440402"": 19}","{""Interior Walls"": 2.0, ""MEP"": 2.0, ""Ceiling"": 2.0, ""Doors"": 1.0, ""Interior Finishes"": 2.0}"
12,130.65200000000002,86.59200000000001,0,16.0,1,0.37830929327019225,14,"{""1440389"": 1, ""1440369"": 2, ""1773278"": 2, ""1773440"": 3, ""1440371"": 4, ""1440405"": 5, ""1773270"": 5, ""1440380"": 6, ""1440381"": 6, ""1440382"": 6, ""1773274"": 7, ""1773267"": 8, ""1440368"": 9, ""1440403"": 10, ""1440404"": 10, ""1440406"": 10, ""1440384"": 11, ""1440383"": 12, ""1440385"": 13, ""1440388"": 13, ""1440401"": 14, ""1440402"": 14, ""1440376"": 8, ""1440400"": 15, ""1440399"": 15, ""1773269"": 16, ""1440396"": 17, ""1440397"": 17, ""1440372"": 18, ""1440394"": 19, ""1440395"": 19, ""1440398"": 19}","{""Interior Walls"": 5.0, ""MEP"": 3.0, ""Ceiling"": 2.0, ""Doors"": 1, ""Interior Finishes"": 5.0}"
12,180.91000000000003,61.86,0,14.0,1,0.3386862303654624,15,"{""1440389"": 1, ""1773274"": 2, ""1440402"": 3, ""1773440"": 4, ""1440371"": 5, ""1440405"": 6, ""1773270"": 7, ""1440382"": 8, ""1440380"": 9, ""1440381"": 10, ""1773267"": 11, ""1440369"": 12, ""1440368"": 13, ""1440406"": 14, ""1440403"": 15, ""1440404"": 15, ""1440383"": 16, ""1440384"": 17, ""1440385"": 17, ""1440388"": 18, ""1773278"": 19, ""1440376"": 20, ""1440400"": 21, ""1440401"": 21, ""1440399"": 22, ""1773269"": 23, ""1440397"": 24, ""1440396"": 25, ""1440372"": 26, ""1440398"": 27, ""1440394"": 28, ""1440395"": 29}","{""Interior Walls"": 5.0, ""MEP"": 4.0, ""Ceiling"": 2.0, ""Doors"": 1, ""Interior Finishes"": 2.0}"
12,254.13500000000002,370.10999999999996,0,11.0,1,0.2710723433359441,16,"{""1440389"": 1, ""1773274"": 2, ""1440402"": 3, ""1773440"": 4, ""1440371"": 5, ""1440405"": 6, ""1773270"": 7, ""1440382"": 8, ""1440380"": 9, ""1440381"": 10, ""1773267"": 11, ""1440369"": 12, ""1440368"": 13, ""1440406"": 14, ""1440403"": 15, ""1440404"": 15, ""1440383"": 16, ""1440384"": 17, ""1440385"": 17, ""1440388"": 18, ""1773278"": 19, ""1440376"": 20, ""1440400"": 21, ""1440401"": 21, ""1440399"": 22, ""1773269"": 23, ""1440397"": 24, ""1440396"": 25, ""1440372"": 26, ""1440398"": 27, ""1440394"": 28, ""1440395"": 29}","{""Interior Walls"": 2.0, ""MEP"": 4.0, ""Ceiling"": 2.0, ""Doors"": 1, ""Interior Finishes"": 2.0}"
12,315.40000000000003,96.0,5,10.0,1,0.26936383219889115,17,"{""1440384"": 3, ""1440385"": 1, ""1440388"": 1, ""1440389"": 3, ""1773267"": 1, ""1773269"": 3, ""1773274"": 3, ""1773278"": 1, ""1440368"": 3, ""1440369"": 3, ""1440371"": 1, ""1440372"": 1, ""1440376"": 1, ""1440380"": 1, ""1440381"": 3, ""1440382"": 3, ""1440383"": 3, ""1773440"": 2, ""1440394"": 2, ""1440395"": 2, ""1440396"": 2, ""1440397"": 2, ""1440398"": 2, ""1440399"": 2, ""1440400"": 2, ""1440401"": 2, ""1440402"": 2, ""1440403"": 2, ""1440404"": 2, ""1440405"": 2, ""1440406"": 2, ""1773270"": 2}","{""Interior Walls"": 2.0, ""MEP"": 2.0, ""Ceiling"": 2.0, ""Doors"": 2.0, ""Interior Finishes"": 2.0}"
12,117.58100000000002,95.54600000000003,0,20.0,1,0.2459591345514044,18,"{""1440389"": 1, ""1773274"": 7, ""1440369"": 2, ""1773278"": 2, ""1773440"": 3, ""1440371"": 4, ""1440405"": 5, ""1773270"": 5, ""1440380"": 6, ""1440381"": 6, ""1440382"": 6, ""1773267"": 8, ""1440368"": 9, ""1440403"": 10, ""1440404"": 10, ""1440406"": 10, ""1440384"": 11, ""1440383"": 12, ""1440385"": 13, ""1440388"": 13, ""1440401"": 14, ""1440402"": 14, ""1440376"": 15, ""1440400"": 16, ""1440399"": 16, ""1773269"": 17, ""1440396"": 18, ""1440397"": 18, ""1440372"": 19, ""1440394"": 20, ""1440395"": 20, ""1440398"": 20}","{""Interior Walls"": 5.0, ""MEP"": 4.0, ""Ceiling"": 5.0, ""Doors"": 1, ""Interior Finishes"": 5.0}"
12,123.92266666666666,89.69599999999997,0,19.0,1,0.23806448991214665,19,"{""1440389"": 1, ""1440369"": 2, ""1773278"": 2, ""1773440"": 3, ""1440371"": 4, ""1440405"": 5, ""1773270"": 5, ""1440380"": 6, ""1440381"": 6, ""1440382"": 6, ""1773274"": 7, ""1773267"": 8, ""1440368"": 9, ""1440403"": 10, ""1440404"": 10, ""1440406"": 10, ""1440384"": 11, ""1440383"": 12, ""1440385"": 13, ""1440388"": 13, ""1440401"": 14, ""1440402"": 14, ""1440376"": 15, ""1440400"": 16, ""1440399"": 16, ""1773269"": 17, ""1440396"": 18, ""1440397"": 18, ""1440372"": 19, ""1440394"": 20, ""1440395"": 20, ""1440398"": 20}","{""Interior Walls"": 5.0, ""MEP"": 3.0, ""Ceiling"": 5.0, ""Doors"": 1, ""Interior Finishes"": 5.0}"
12,105.152,53.025333333333364,0,23.0,1,0.2331870014685154,20,"{""1440376"": 1, ""1440389"": 2, ""1773274"": 3, ""1440369"": 4, ""1440371"": 4, ""1440382"": 5, ""1440383"": 5, ""1440372"": 6, ""1773269"": 7, ""1440368"": 8, ""1773278"": 8, ""1773267"": 9, ""1440380"": 9, ""1440381"": 9, ""1440384"": 10, ""1440385"": 10, ""1440388"": 10, ""1440401"": 11, ""1440402"": 11, ""1440400"": 12, ""1440399"": 12, ""1440405"": 13, ""1773270"": 13, ""1773440"": 14, ""1440403"": 15, ""1440404"": 15, ""1440406"": 15, ""1440396"": 11, ""1440397"": 11, ""1440394"": 16, ""1440395"": 16, ""1440398"": 16}","{""Interior Walls"": 5.0, ""MEP"": 5.0, ""Ceiling"": 3.0, ""Doors"": 5.0, ""Interior Finishes"": 5.0}"
13,98.03599999999997,164.07599999999994,0,25.0,1,inf,1,"{""1440394"": 1, ""1440395"": 1, ""1440398"": 1, ""1440372"": 3, ""1440396"": 4, ""1440397"": 4, ""1773269"": 5, ""1440400"": 6, ""1440399"": 6, ""1440376"": 7, ""1440401"": 8, ""1440402"": 8, ""1440384"": 9, ""1440385"": 9, ""1440388"": 9, ""1440403"": 10, ""1440404"": 10, ""1440406"": 10, ""1440382"": 11, ""1440383"": 11, ""1773267"": 12, ""1440380"": 12, ""1440381"": 12, ""1440405"": 2, ""1773270"": 2, ""1440369"": 13, ""1440371"": 13, ""1440368"": 14, ""1773278"": 14, ""1773440"": 15, ""1773274"": 16, ""1440389"": 17}","{""Interior Walls"": 5.0, ""MEP"": 5.0, ""Ceiling"": 5.0, ""Doors"": 5.0, ""Interior Finishes"": 5.0}"
13,494.92,859.12,0,5.0,1,inf,2,"{""1440372"": 1, ""1440384"": 2, ""1440385"": 2, ""1440388"": 2, ""1440394"": 3, ""1440395"": 3, ""1440398"": 3, ""1440376"": 4, ""1440396"": 5, ""1440397"": 5, ""1773269"": 6, ""1440382"": 7, ""1440383"": 7, ""1440400"": 8, ""1440399"": 8, ""1773267"": 9, ""1440380"": 9, ""1440381"": 9, ""1440401"": 10, ""1440402"": 10, ""1773440"": 11, ""1440389"": 12, ""1440369"": 13, ""1440371"": 13, ""1440368"": 14, ""1773278"": 14, ""1440403"": 15, ""1440404"": 15, ""1440406"": 15, ""1440405"": 16, ""1773270"": 16, ""1773274"": 17}","{""Interior Walls"": 1, ""MEP"": 1, ""Ceiling"": 1, ""Doors"": 1, ""Interior Finishes"": 1}"
13,497.3,199.0,0,5.0,1,inf,3,"{""1440376"": 1, ""1440389"": 2, ""1773274"": 3, ""1440369"": 4, ""1440371"": 4, ""1440382"": 5, ""1440383"": 5, ""1440372"": 6, ""1773269"": 7, ""1440368"": 8, ""1773278"": 8, ""1773267"": 9, ""1440380"": 9, ""1440381"": 9, ""1440384"": 10, ""1440385"": 10, ""1440388"": 10, ""1440396"": 14, ""1440397"": 14, ""1440401"": 12, ""1440402"": 12, ""1440400"": 13, ""1440399"": 13, ""1440405"": 11, ""1773270"": 11, ""1773440"": 15, ""1440403"": 16, ""1440404"": 16, ""1440406"": 16, ""1440394"": 17, ""1440395"": 17, ""1440398"": 17}","{""Interior Walls"": 1, ""MEP"": 1, ""Ceiling"": 1, ""Doors"": 1, ""Interior Finishes"": 1}"
13,570.9,0.0,1,10.0,1,inf,4,"{""1440384"": 1, ""1440389"": 1, ""1440395"": 1, ""1440396"": 1, ""1440397"": 1, ""1440398"": 1, ""1440403"": 1, ""1773267"": 1, ""1440405"": 1, ""1773269"": 1, ""1773270"": 1, ""1773274"": 1, ""1440369"": 1, ""1440372"": 1, ""1440376"": 1, ""1440380"": 1, ""1773440"": 1, ""1440385"": 1, ""1440388"": 1, ""1440394"": 1, ""1440399"": 1, ""1440400"": 1, ""1440401"": 1, ""1440402"": 1, ""1440404"": 1, ""1440406"": 1, ""1773278"": 1, ""1440368"": 1, ""1440371"": 1, ""1440381"": 1, ""1440382"": 1, ""1440383"": 1}","{""Interior Walls"": 2.0, ""MEP"": 2.0, ""Ceiling"": 2.0, ""Doors"": 2.0, ""Interior Finishes"": 2.0}"
13,510.1,0.0,1,12.0,1,inf,5,"{""1440384"": 1, ""1773440"": 1, ""1440385"": 1, ""1440388"": 1, ""1440389"": 1, ""1440394"": 1, ""1440395"": 1, ""1440396"": 1, ""1440397"": 1, ""1440398"": 1, ""1440399"": 1, ""1440400"": 1, ""1440401"": 1, ""1440402"": 1, ""1440403"": 1, ""1440404"": 1, ""1440405"": 1, ""1440406"": 1, ""1773267"": 1, ""1773269"": 1, ""1773270"": 1, ""1773274"": 1, ""1773278"": 1, ""1440368"": 1, ""1440369"": 1, ""1440371"": 1, ""1440372"": 1, ""1440376"": 1, ""1440380"": 1, ""1440381"": 1, ""1440382"": 1, ""1440383"": 1}","{""Interior Walls"": 2.0, ""MEP"": 2.0, ""Ceiling"": 2.0, ""Doors"": 3.0, ""Interior Finishes"": 3.0}"
13,425.67,375.02000000000004,5,7.0,1,inf,6,"{""1440376"": 1, ""1773267"": 1, ""1773278"": 1, ""1440369"": 2, ""1440371"": 2, ""1440401"": 4, ""1440402"": 4, ""1440405"": 3, ""1773270"": 3, ""1440403"": 5, ""1440404"": 5, ""1440406"": 5, ""1440394"": 6, ""1440395"": 6, ""1440398"": 6, ""1440396"": 7, ""1440397"": 7, ""1773440"": 8, ""1440400"": 8, ""1440399"": 8, ""1440384"": 9, ""1440385"": 9, ""1440388"": 9, ""1440389"": 10, ""1440368"": 10, ""1773269"": 10, ""1440381"": 10, ""1440382"": 10, ""1440383"": 10, ""1773274"": 11, ""1440380"": 12, ""1440372"": 12}","{""Interior Walls"": 1, ""MEP"": 2, ""Ceiling"": 1, ""Doors"": 1, ""Interior Finishes"": 2.0}"
13,208.82500000000002,17.75,0,14.0,1,inf,7,"{""1440376"": 1, ""1440389"": 2, ""1773274"": 3, ""1440369"": 4, ""1440371"": 5, ""1440382"": 6, ""1440383"": 7, ""1440372"": 8, ""1773269"": 9, ""1773278"": 10, ""1440368"": 11, ""1773267"": 12, ""1440380"": 12, ""1440381"": 13, ""1440384"": 14, ""1440385"": 14, ""1440388"": 15, ""1440397"": 16, ""1440402"": 17, ""1440396"": 18, ""1440400"": 19, ""1440401"": 19, ""1440399"": 20, ""1440405"": 21, ""1773270"": 22, ""1773440"": 23, ""1440403"": 24, ""1440404"": 24, ""1440406"": 25, ""1440395"": 26, ""1440398"": 27, ""1440394"": 28}","{""Interior Walls"": 5.0, ""MEP"": 4.0, ""Ceiling"": 2.0, ""Doors"": 1, ""Interior Finishes"": 2.0}"
13,488.4,104.0,3,8.0,1,0.7360523282167162,8,"{""1440384"": 4, ""1440389"": 1, ""1440395"": 1, ""1440396"": 1, ""1440397"": 1, ""1440403"": 1, ""1773267"": 1, ""1440405"": 1, ""1773269"": 1, ""1773270"": 1, ""1440406"": 1, ""1773274"": 1, ""1440369"": 1, ""1440372"": 1, ""1440376"": 1, ""1440380"": 1, ""1440401"": 2, ""1440402"": 2, ""1773440"": 3, ""1440385"": 4, ""1440388"": 4, ""1440394"": 4, ""1440382"": 4, ""1440398"": 4, ""1440399"": 4, ""1440400"": 4, ""1440368"": 4, ""1440371"": 4, ""1440404"": 4, ""1440381"": 4, ""1773278"": 4, ""1440383"": 4}","{""Interior Walls"": 2.0, ""MEP"": 1, ""Ceiling"": 2.0, ""Doors"": 1, ""Interior Finishes"": 2.0}"
13,434.01000000000005,712.6100000000001,0,6.0,1,0.5987432331702713,9,"{""1440389"": 1, ""1773274"": 2, ""1440402"": 3, ""1773440"": 4, ""1440371"": 5, ""1440405"": 6, ""1773270"": 7, ""1440382"": 8, ""1440380"": 9, ""1440381"": 10, ""1773267"": 11, ""1440369"": 12, ""1440368"": 13, ""1440406"": 14, ""1440403"": 15, ""1440404"": 15, ""1440383"": 16, ""1440384"": 17, ""1440385"": 17, ""1440388"": 18, ""1773278"": 19, ""1440376"": 20, ""1440400"": 21, ""1440401"": 21, ""1440399"": 22, ""1773269"": 23, ""1440397"": 24, ""1440396"": 25, ""1440372"": 26, ""1440398"": 27, ""1440394"": 28, ""1440395"": 29}","{""Interior Walls"": 1.0, ""MEP"": 1, ""Ceiling"": 1, ""Doors"": 1, ""Interior Finishes"": 2.0}"
13,502.4,83.0,4,8.0,1,0.4876985751918157,10,"{""1440384"": 1, ""1440389"": 1, ""1440395"": 1, ""1440396"": 1, ""1440397"": 1, ""1440398"": 4, ""1440403"": 1, ""1773267"": 1, ""1440405"": 1, ""1773269"": 1, ""1773270"": 1, ""1773274"": 1, ""1440369"": 1, ""1440372"": 1, ""1440376"": 1, ""1440380"": 1, ""1440401"": 2, ""1440402"": 2, ""1773440"": 3, ""1440385"": 4, ""1440388"": 4, ""1440394"": 4, ""1773278"": 4, ""1440399"": 4, ""1440400"": 4, ""1440368"": 4, ""1440371"": 4, ""1440404"": 4, ""1440406"": 1, ""1440381"": 4, ""1440382"": 4, ""1440383"": 4}","{""Interior Walls"": 2.0, ""MEP"": 1, ""Ceiling"": 2.0, ""Doors"": 1, ""Interior Finishes"": 2.0}"
13,130.65200000000002,86.59200000000001,0,16.0,1,0.3347097241199361,11,"{""1440389"": 1, ""1440369"": 2, ""1773278"": 2, ""1773440"": 3, ""1440371"": 4, ""1440405"": 5, ""1773270"": 5, ""1440380"": 6, ""1440381"": 6, ""1440382"": 6, ""1773274"": 7, ""1773267"": 8, ""1440368"": 9, ""1440403"": 10, ""1440404"": 10, ""1440406"": 10, ""1440384"": 11, ""1440383"": 12, ""1440385"": 13, ""1440388"": 13, ""1440401"": 14, ""1440402"": 14, ""1440376"": 8, ""1440400"": 15, ""1440399"": 15, ""1773269"": 16, ""1440396"": 17, ""1440397"": 17, ""1440372"": 18, ""1440394"": 19, ""1440395"": 19, ""1440398"": 19}","{""Interior Walls"": 5.0, ""MEP"": 3.0, ""Ceiling"": 2.0, ""Doors"": 1, ""Interior Finishes"": 5.0}"
13,400.9,24.0,5,10.0,1,0.3309296583513728,12,"{""1440384"": 1, ""1440385"": 2, ""1773440"": 2, ""1440388"": 2, ""1440389"": 1, ""1440394"": 2, ""1440395"": 1, ""1440396"": 1, ""1440397"": 1, ""1440398"": 1, ""1440399"": 2, ""1440400"": 2, ""1440401"": 2, ""1440402"": 2, ""1440403"": 1, ""1440404"": 2, ""1440405"": 1, ""1440406"": 2, ""1773267"": 1, ""1773269"": 1, ""1773270"": 1, ""1773274"": 1, ""1773278"": 2, ""1440368"": 2, ""1440369"": 1, ""1440371"": 2, ""1440372"": 1, ""1440376"": 1, ""1440380"": 1, ""1440381"": 2, ""1440382"": 2, ""1440383"": 2}","{""Interior Walls"": 2.0, ""MEP"": 2.0, ""Ceiling"": 2.0, ""Doors"": 2.0, ""Interior Finishes"": 2.0}"
13,258.63,258.73,0,9.0,1,0.33080407273944956,13,"{""1440389"": 1, ""1773274"": 2, ""1440405"": 3, ""1773270"": 3, ""1773267"": 4, ""1440376"": 5, ""1773269"": 6, ""1440396"": 7, ""1440397"": 7, ""1440372"": 8, ""1440394"": 9, ""1440395"": 9, ""1440398"": 9, ""1440369"": 10, ""1773278"": 10, ""1440384"": 11, ""1440383"": 11, ""1440380"": 12, ""1440381"": 12, ""1440382"": 12, ""1440403"": 13, ""1440404"": 13, ""1440406"": 13, ""1440400"": 14, ""1440399"": 14, ""1440385"": 15, ""1440388"": 15, ""1773440"": 16, ""1440371"": 17, ""1440368"": 18, ""1440401"": 19, ""1440402"": 19}","{""Interior Walls"": 2.0, ""MEP"": 2.0, ""Ceiling"": 2.0, ""Doors"": 1.0, ""Interior Finishes"": 2.0}"
13,105.152,53.025333333333364,0,23.0,1,0.329969671644338,14,"{""1440376"": 1, ""1440389"": 2, ""1773274"": 3, ""1440369"": 4, ""1440371"": 4, ""1440382"": 5, ""1440383"": 5, ""1440372"": 6, ""1773269"": 7, ""1440368"": 8, ""1773278"": 8, ""1773267"": 9, ""1440380"": 9, ""1440381"": 9, ""1440384"": 10, ""1440385"": 10, ""1440388"": 10, ""1440401"": 11, ""1440402"": 11, ""1440400"": 12, ""1440399"": 12, ""1440405"": 13, ""1773270"": 13, ""1773440"": 14, ""1440403"": 15, ""1440404"": 15, ""1440406"": 15, ""1440396"": 11, ""1440397"": 11, ""1440394"": 16, ""1440395"": 16, ""1440398"": 16}","{""Interior Walls"": 5.0, ""MEP"": 5.0, ""Ceiling"": 3.0, ""Doors"": 5.0, ""Interior Finishes"": 5.0}"
13,456.9666666666667,344.50000000000017,0,8.0,1,0.2946667883618497,15,"{""1440376"": 1, ""1440389"": 2, ""1773274"": 3, ""1440369"": 4, ""1440371"": 5, ""1440382"": 6, ""1440383"": 7, ""1440372"": 8, ""1773269"": 9, ""1440368"": 10, ""1773278"": 11, ""1773267"": 12, ""1440380"": 13, ""1440381"": 14, ""1440388"": 15, ""1440384"": 16, ""1440385"": 16, ""1440397"": 17, ""1440402"": 18, ""1440396"": 19, ""1440400"": 20, ""1440401"": 20, ""1440399"": 21, ""1440405"": 22, ""1773270"": 23, ""1773440"": 24, ""1440403"": 25, ""1440404"": 25, ""1440406"": 26, ""1440395"": 27, ""1440398"": 28, ""1440394"": 29}","{""Interior Walls"": 1, ""MEP"": 3.0, ""Ceiling"": 2.0, ""Doors"": 1, ""Interior Finishes"": 1}"
13,324.64,483.73999999999995,0,7.0,1,0.29358443424985736,16,"{""1440376"": 9, ""1440389"": 2, ""1773274"": 3, ""1440372"": 4, ""1773269"": 5, ""1440396"": 6, ""1440397"": 6, ""1440405"": 7, ""1773270"": 7, ""1440403"": 8, ""1440404"": 8, ""1440406"": 8, ""1773267"": 1, ""1440380"": 9, ""1440381"": 9, ""1440401"": 10, ""1440402"": 10, ""1440369"": 11, ""1440371"": 11, ""1440384"": 12, ""1440385"": 12, ""1440388"": 12, ""1773440"": 13, ""1440394"": 14, ""1440395"": 14, ""1440398"": 14, ""1440382"": 15, ""1440383"": 15, ""1440368"": 16, ""1773278"": 16, ""1440400"": 17, ""1440399"": 17}","{""Interior Walls"": 2.0, ""MEP"": 1, ""Ceiling"": 1, ""Doors"": 1, ""Interior Finishes"": 2.0}"
13,117.58100000000002,95.54600000000003,0,20.0,1,0.24703343921405577,17,"{""1440389"": 1, ""1773274"": 7, ""1440369"": 2, ""1773278"": 2, ""1773440"": 3, ""1440371"": 4, ""1440405"": 5, ""1773270"": 5, ""1440380"": 6, ""1440381"": 6, ""1440382"": 6, ""1773267"": 8, ""1440368"": 9, ""1440403"": 10, ""1440404"": 10, ""1440406"": 10, ""1440384"": 11, ""1440383"": 12, ""1440385"": 13, ""1440388"": 13, ""1440401"": 14, ""1440402"": 14, ""1440376"": 15, ""1440400"": 16, ""1440399"": 16, ""1773269"": 17, ""1440396"": 18, ""1440397"": 18, ""1440372"": 19, ""1440394"": 20, ""1440395"": 20, ""1440398"": 20}","{""Interior Walls"": 5.0, ""MEP"": 4.0, ""Ceiling"": 5.0, ""Doors"": 1, ""Interior Finishes"": 5.0}"
13,123.92266666666666,89.69599999999997,0,19.0,1,0.23806448991214665,18,"{""1440389"": 1, ""1440369"": 2, ""1773278"": 2, ""1773440"": 3, ""1440371"": 4, ""1440405"": 5, ""1773270"": 5, ""1440380"": 6, ""1440381"": 6, ""1440382"": 6, ""1773274"": 7, ""1773267"": 8, ""1440368"": 9, ""1440403"": 10, ""1440404"": 10, ""1440406"": 10, ""1440384"": 11, ""1440383"": 12, ""1440385"": 13, ""1440388"": 13, ""1440401"": 14, ""1440402"": 14, ""1440376"": 15, ""1440400"": 16, ""1440399"": 16, ""1773269"": 17, ""1440396"": 18, ""1440397"": 18, ""1440372"": 19, ""1440394"": 20, ""1440395"": 20, ""1440398"": 20}","{""Interior Walls"": 5.0, ""MEP"": 3.0, ""Ceiling"": 5.0, ""Doors"": 1, ""Interior Finishes"": 5.0}"
13,160.29333333333332,77.46000000000004,0,14.0,1,0.23089083349083625,19,"{""1440389"": 1, ""1440369"": 2, ""1773278"": 2, ""1773440"": 3, ""1440371"": 4, ""1440405"": 5, ""1773270"": 5, ""1440380"": 6, ""1440381"": 6, ""1440382"": 6, ""1773274"": 7, ""1440376"": 8, ""1773267"": 8, ""1440368"": 9, ""1440403"": 10, ""1440404"": 10, ""1440406"": 10, ""1440384"": 11, ""1440383"": 12, ""1440385"": 13, ""1440388"": 13, ""1440401"": 14, ""1440402"": 14, ""1440400"": 15, ""1440399"": 15, ""1773269"": 16, ""1440396"": 17, ""1440397"": 17, ""1440372"": 18, ""1440394"": 19, ""1440395"": 19, ""1440398"": 19}","{""Interior Walls"": 5.0, ""MEP"": 3.0, ""Ceiling"": 2.0, ""Doors"": 1, ""Interior Finishes"": 3.0}"
13,427.74,459.94000000000005,0,7.0,1,0.18900558341336293,20,"{""1440405"": 1, ""1773270"": 1, ""1440389"": 2, ""1773274"": 3, ""1440376"": 4, ""1773267"": 4, ""1440384"": 5, ""1773269"": 6, ""1440396"": 7, ""1440397"": 7, ""1440372"": 8, ""1440403"": 9, ""1440404"": 9, ""1440406"": 9, ""1440401"": 10, ""1440402"": 10, ""1440369"": 11, ""1773278"": 11, ""1773440"": 12, ""1440380"": 13, ""1440381"": 13, ""1440382"": 13, ""1440394"": 14, ""1440395"": 14, ""1440398"": 14, ""1440385"": 15, ""1440388"": 15, ""1440371"": 16, ""1440368"": 17, ""1440383"": 18, ""1440400"": 19, ""1440399"": 19}","{""Interior Walls"": 2.0, ""MEP"": 1, ""Ceiling"": 2.0, ""Doors"": 1, ""Interior Finishes"": 1.0}"
14,98.03599999999997,164.07599999999994,0,25.0,1,inf,1,"{""1440394"": 1, ""1440395"": 1, ""1440398"": 1, ""1440372"": 3, ""1440396"": 4, ""1440397"": 4, ""1773269"": 5, ""1440400"": 6, ""1440399"": 6, ""1440376"": 7, ""1440401"": 8, ""1440402"": 8, ""1440384"": 9, ""1440385"": 9, ""1440388"": 9, ""1440403"": 10, ""1440404"": 10, ""1440406"": 10, ""1440382"": 11, ""1440383"": 11, ""1773267"": 12, ""1440380"": 12, ""1440381"": 12, ""1440405"": 2, ""1773270"": 2, ""1440369"": 13, ""1440371"": 13, ""1440368"": 14, ""1773278"": 14, ""1773440"": 15, ""1773274"": 16, ""1440389"": 17}","{""Interior Walls"": 5.0, ""MEP"": 5.0, ""Ceiling"": 5.0, ""Doors"": 5.0, ""Interior Finishes"": 5.0}"
14,494.92,859.12,0,5.0,1,inf,2,"{""1440372"": 1, ""1440384"": 2, ""1440385"": 2, ""1440388"": 2, ""1440394"": 3, ""1440395"": 3, ""1440398"": 3, ""1440376"": 4, ""1440396"": 5, ""1440397"": 5, ""1773269"": 6, ""1440382"": 7, ""1440383"": 7, ""1440400"": 8, ""1440399"": 8, ""1773267"": 9, ""1440380"": 9, ""1440381"": 9, ""1440401"": 10, ""1440402"": 10, ""1773440"": 11, ""1440389"": 12, ""1440369"": 13, ""1440371"": 13, ""1440368"": 14, ""1773278"": 14, ""1440403"": 15, ""1440404"": 15, ""1440406"": 15, ""1440405"": 16, ""1773270"": 16, ""1773274"": 17}","{""Interior Walls"": 1, ""MEP"": 1, ""Ceiling"": 1, ""Doors"": 1, ""Interior Finishes"": 1}"
14,497.3,199.0,0,5.0,1,inf,3,"{""1440376"": 1, ""1440389"": 2, ""1773274"": 3, ""1440369"": 4, ""1440371"": 4, ""1440382"": 5, ""1440383"": 5, ""1440372"": 6, ""1773269"": 7, ""1440368"": 8, ""1773278"": 8, ""1773267"": 9, ""1440380"": 9, ""1440381"": 9, ""1440384"": 10, ""1440385"": 10, ""1440388"": 10, ""1440396"": 14, ""1440397"": 14, ""1440401"": 12, ""1440402"": 12, ""1440400"": 13, ""1440399"": 13, ""1440405"": 11, ""1773270"": 11, ""1773440"": 15, ""1440403"": 16, ""1440404"": 16, ""1440406"": 16, ""1440394"": 17, ""1440395"": 17, ""1440398"": 17}","{""Interior Walls"": 1, ""MEP"": 1, ""Ceiling"": 1, ""Doors"": 1, ""Interior Finishes"": 1}"
14,510.1,0.0,1,12.0,1,inf,4,"{""1440384"": 1, ""1773440"": 1, ""1440385"": 1, ""1440388"": 1, ""1440389"": 1, ""1440394"": 1, ""1440395"": 1, ""1440396"": 1, ""1440397"": 1, ""1440398"": 1, ""1440399"": 1, ""1440400"": 1, ""1440401"": 1, ""1440402"": 1, ""1440403"": 1, ""1440404"": 1, ""1440405"": 1, ""1440406"": 1, ""1773267"": 1, ""1773269"": 1, ""1773270"": 1, ""1773274"": 1, ""1773278"": 1, ""1440368"": 1, ""1440369"": 1, ""1440371"": 1, ""1440372"": 1, ""1440376"": 1, ""1440380"": 1, ""1440381"": 1, ""1440382"": 1, ""1440383"": 1}","{""Interior Walls"": 2.0, ""MEP"": 2.0, ""Ceiling"": 2.0, ""Doors"": 3.0, ""Interior Finishes"": 3.0}"
14,471.14,203.24,6,9.0,1,inf,5,"{""1440384"": 1, ""1773440"": 2, ""1440385"": 1, ""1440388"": 1, ""1440389"": 2, ""1440394"": 2, ""1440395"": 2, ""1440396"": 2, ""1440397"": 2, ""1440398"": 1, ""1440399"": 1, ""1440400"": 1, ""1440401"": 2, ""1440402"": 2, ""1440403"": 1, ""1440404"": 2, ""1440405"": 1, ""1440406"": 1, ""1773267"": 2, ""1773269"": 2, ""1773270"": 1, ""1773274"": 2, ""1773278"": 1, ""1440368"": 1, ""1440369"": 1, ""1440371"": 2, ""1440372"": 1, ""1440376"": 1, ""1440380"": 2, ""1440381"": 2, ""1440382"": 1, ""1440383"": 2}","{""Interior Walls"": 2.0, ""MEP"": 1, ""Ceiling"": 2.0, ""Doors"": 2.0, ""Interior Finishes"": 2.0}"
14,559.4333333333334,0.0,1,10.0,1,inf,6,"{""1440384"": 1, ""1440385"": 1, ""1773440"": 1, ""1440388"": 1, ""1440389"": 1, ""1440394"": 1, ""1440395"": 1, ""1440396"": 1, ""1440397"": 1, ""1440398"": 1, ""1440399"": 1, ""1440400"": 1, ""1440401"": 1, ""1440402"": 1, ""1440403"": 1, ""1440404"": 1, ""1440405"": 1, ""1440406"": 1, ""1773267"": 1, ""1773269"": 1, ""1773270"": 1, ""1773274"": 1, ""1773278"": 1, ""1440368"": 1, ""1440369"": 1, ""1440371"": 1, ""1440372"": 1, ""1440376"": 1, ""1440380"": 1, ""1440381"": 1, ""1440382"": 1, ""1440383"": 1}","{""Interior Walls"": 2.0, ""MEP"": 2.0, ""Ceiling"": 2.0, ""Doors"": 1, ""Interior Finishes"": 3.0}"
14,208.825,17.75,0,14.0,1,inf,7,"{""1440376"": 1, ""1440389"": 2, ""1773274"": 3, ""1440369"": 4, ""1440371"": 5, ""1440382"": 6, ""1440383"": 7, ""1440372"": 8, ""1773269"": 9, ""1773278"": 10, ""1440368"": 11, ""1773267"": 12, ""1440380"": 12, ""1440381"": 13, ""1440384"": 14, ""1440385"": 14, ""1440388"": 15, ""1440397"": 16, ""1440402"": 17, ""1440396"": 18, ""1440400"": 19, ""1440401"": 19, ""1440399"": 20, ""1440405"": 21, ""1773270"": 21, ""1773440"": 22, ""1440403"": 23, ""1440404"": 23, ""1440406"": 24, ""1440395"": 25, ""1440398"": 26, ""1440394"": 27}","{""Interior Walls"": 5.0, ""MEP"": 4.0, ""Ceiling"": 2.0, ""Doors"": 1, ""Interior Finishes"": 2.0}"
14,376.02,593.62,0,6.0,1,0.7022160079678091,8,"{""1440389"": 1, ""1773274"": 2, ""1440405"": 3, ""1773270"": 3, ""1773267"": 4, ""1440376"": 5, ""1773269"": 6, ""1440396"": 7, ""1440397"": 7, ""1440372"": 8, ""1440394"": 9, ""1440395"": 9, ""1440398"": 9, ""1440369"": 10, ""1773278"": 10, ""1440384"": 11, ""1440383"": 11, ""1440380"": 12, ""1440381"": 12, ""1440382"": 12, ""1440403"": 13, ""1440404"": 13, ""1440406"": 13, ""1440400"": 14, ""1440399"": 14, ""1440385"": 15, ""1440388"": 15, ""1773440"": 16, ""1440371"": 18, ""1440368"": 17, ""1440401"": 19, ""1440402"": 19}","{""Interior Walls"": 1, ""MEP"": 1, ""Ceiling"": 1, ""Doors"": 1, ""Interior Finishes"": 2.0}"
14,488.4,104.0,3,8.0,1,0.5422775858708825,9,"{""1440384"": 4, ""1440389"": 1, ""1440395"": 1, ""1440396"": 1, ""1440397"": 1, ""1440403"": 1, ""1773267"": 1, ""1440405"": 1, ""1773269"": 1, ""1773270"": 1, ""1440406"": 1, ""1773274"": 1, ""1440369"": 1, ""1440372"": 1, ""1440376"": 1, ""1440380"": 1, ""1440401"": 2, ""1440402"": 2, ""1773440"": 3, ""1440385"": 4, ""1440388"": 4, ""1440394"": 4, ""1440382"": 4, ""1440398"": 4, ""1440399"": 4, ""1440400"": 4, ""1440368"": 4, ""1440371"": 4, ""1440404"": 4, ""1440381"": 4, ""1773278"": 4, ""1440383"": 4}","{""Interior Walls"": 2.0, ""MEP"": 1, ""Ceiling"": 2.0, ""Doors"": 1, ""Interior Finishes"": 2.0}"
14,258.63,258.73,0,9.0,1,0.43979380822427444,10,"{""1440389"": 1, ""1773274"": 2, ""1440405"": 3, ""1773270"": 3, ""1773267"": 4, ""1440376"": 5, ""1773269"": 6, ""1440396"": 7, ""1440397"": 7, ""1440372"": 8, ""1440394"": 9, ""1440395"": 9, ""1440398"": 9, ""1440369"": 10, ""1773278"": 10, ""1440384"": 11, ""1440383"": 11, ""1440380"": 12, ""1440381"": 12, ""1440382"": 12, ""1440403"": 13, ""1440404"": 13, ""1440406"": 13, ""1440400"": 14, ""1440399"": 14, ""1440385"": 15, ""1440388"": 15, ""1773440"": 16, ""1440371"": 17, ""1440368"": 18, ""1440401"": 19, ""1440402"": 19}","{""Interior Walls"": 2.0, ""MEP"": 2.0, ""Ceiling"": 2.0, ""Doors"": 1.0, ""Interior Finishes"": 2.0}"
14,400.9,24.0,5,10.0,1,0.41533441495409873,11,"{""1440384"": 1, ""1440385"": 2, ""1773440"": 2, ""1440388"": 2, ""1440389"": 1, ""1440394"": 2, ""1440395"": 1, ""1440396"": 1, ""1440397"": 1, ""1440398"": 1, ""1440399"": 2, ""1440400"": 2, ""1440401"": 2, ""1440402"": 2, ""1440403"": 1, ""1440404"": 2, ""1440405"": 1, ""1440406"": 2, ""1773267"": 1, ""1773269"": 1, ""1773270"": 1, ""1773274"": 1, ""1773278"": 2, ""1440368"": 2, ""1440369"": 1, ""1440371"": 2, ""1440372"": 1, ""1440376"": 1, ""1440380"": 1, ""1440381"": 2, ""1440382"": 2, ""1440383"": 2}","{""Interior Walls"": 2.0, ""MEP"": 2.0, ""Ceiling"": 2.0, ""Doors"": 2.0, ""Interior Finishes"": 2.0}"
14,425.67,375.02000000000004,5,7.0,1,0.4092078405136073,12,"{""1440376"": 1, ""1773267"": 1, ""1773278"": 1, ""1440369"": 2, ""1440371"": 2, ""1440401"": 4, ""1440402"": 4, ""1440405"": 3, ""1773270"": 3, ""1440403"": 5, ""1440404"": 5, ""1440406"": 5, ""1440394"": 6, ""1440395"": 6, ""1440398"": 6, ""1440396"": 7, ""1440397"": 7, ""1773440"": 8, ""1440400"": 8, ""1440399"": 8, ""1440384"": 9, ""1440385"": 9, ""1440388"": 9, ""1440389"": 10, ""1440368"": 10, ""1773269"": 10, ""1440381"": 10, ""1440382"": 10, ""1440383"": 10, ""1773274"": 11, ""1440380"": 12, ""1440372"": 12}","{""Interior Walls"": 1, ""MEP"": 2, ""Ceiling"": 1, ""Doors"": 1, ""Interior Finishes"": 2.0}"
14,130.65200000000002,86.59200000000001,0,16.0,1,0.3366212365113954,13,"{""1440389"": 1, ""1440369"": 2, ""1773278"": 2, ""1773440"": 3, ""1440371"": 4, ""1440405"": 5, ""1773270"": 5, ""1440380"": 6, ""1440381"": 6, ""1440382"": 6, ""1773274"": 7, ""1773267"": 8, ""1440368"": 9, ""1440403"": 10, ""1440404"": 10, ""1440406"": 10, ""1440384"": 11, ""1440383"": 12, ""1440385"": 13, ""1440388"": 13, ""1440401"": 14, ""1440402"": 14, ""1440376"": 8, ""1440400"": 15, ""1440399"": 15, ""1773269"": 16, ""1440396"": 17, ""1440397"": 17, ""1440372"": 18, ""1440394"": 19, ""1440395"": 19, ""1440398"": 19}","{""Interior Walls"": 5.0, ""MEP"": 3.0, ""Ceiling"": 2.0, ""Doors"": 1, ""Interior Finishes"": 5.0}"
14,105.152,53.025333333333364,0,23.0,1,0.32858356490675245,14,"{""1440376"": 1, ""1440389"": 2, ""1773274"": 3, ""1440369"": 4, ""1440371"": 4, ""1440382"": 5, ""1440383"": 5, ""1440372"": 6, ""1773269"": 7, ""1440368"": 8, ""1773278"": 8, ""1773267"": 9, ""1440380"": 9, ""1440381"": 9, ""1440384"": 10, ""1440385"": 10, ""1440388"": 10, ""1440401"": 11, ""1440402"": 11, ""1440400"": 12, ""1440399"": 12, ""1440405"": 13, ""1773270"": 13, ""1773440"": 14, ""1440403"": 15, ""1440404"": 15, ""1440406"": 15, ""1440396"": 11, ""1440397"": 11, ""1440394"": 16, ""1440395"": 16, ""1440398"": 16}","{""Interior Walls"": 5.0, ""MEP"": 5.0, ""Ceiling"": 3.0, ""Doors"": 5.0, ""Interior Finishes"": 5.0}"
14,160.29333333333332,77.46000000000004,0,14.0,1,0.30187845139048164,15,"{""1440389"": 1, ""1440369"": 2, ""1773278"": 2, ""1773440"": 3, ""1440371"": 4, ""1440405"": 5, ""1773270"": 5, ""1440380"": 6, ""1440381"": 6, ""1440382"": 6, ""1773274"": 7, ""1440376"": 8, ""1773267"": 8, ""1440368"": 9, ""1440403"": 10, ""1440404"": 10, ""1440406"": 10, ""1440384"": 11, ""1440383"": 12, ""1440385"": 13, ""1440388"": 13, ""1440401"": 14, ""1440402"": 14, ""1440400"": 15, ""1440399"": 15, ""1773269"": 16, ""1440396"": 17, ""1440397"": 17, ""1440372"": 18, ""1440394"": 19, ""1440395"": 19, ""1440398"": 19}","{""Interior Walls"": 5.0, ""MEP"": 3.0, ""Ceiling"": 2.0, ""Doors"": 1, ""Interior Finishes"": 3.0}"
14,324.64,483.73999999999995,0,7.0,1,0.28298586494480565,16,"{""1440376"": 9, ""1440389"": 2, ""1773274"": 3, ""1440372"": 4, ""1773269"": 5, ""1440396"": 6, ""1440397"": 6, ""1440405"": 7, ""1773270"": 7, ""1440403"": 8, ""1440404"": 8, ""1440406"": 8, ""1773267"": 1, ""1440380"": 9, ""1440381"": 9, ""1440401"": 10, ""1440402"": 10, ""1440369"": 11, ""1440371"": 11, ""1440384"": 12, ""1440385"": 12, ""1440388"": 12, ""1773440"": 13, ""1440394"": 14, ""1440395"": 14, ""1440398"": 14, ""1440382"": 15, ""1440383"": 15, ""1440368"": 16, ""1773278"": 16, ""1440400"": 17, ""1440399"": 17}","{""Interior Walls"": 2.0, ""MEP"": 1, ""Ceiling"": 1, ""Doors"": 1, ""Interior Finishes"": 2.0}"
14,456.9666666666667,344.50000000000017,0,8.0,1,0.27942153299586653,17,"{""1440376"": 1, ""1440389"": 2, ""1773274"": 3, ""1440369"": 4, ""1440371"": 5, ""1440382"": 6, ""1440383"": 7, ""1440372"": 8, ""1773269"": 9, ""1440368"": 10, ""1773278"": 11, ""1773267"": 12, ""1440380"": 13, ""1440381"": 14, ""1440388"": 15, ""1440384"": 16, ""1440385"": 16, ""1440397"": 17, ""1440402"": 18, ""1440396"": 19, ""1440400"": 20, ""1440401"": 20, ""1440399"": 21, ""1440405"": 22, ""1773270"": 23, ""1773440"": 24, ""1440403"": 25, ""1440404"": 25, ""1440406"": 26, ""1440395"": 27, ""1440398"": 28, ""1440394"": 29}","{""Interior Walls"": 1, ""MEP"": 3.0, ""Ceiling"": 2.0, ""Doors"": 1, ""Interior Finishes"": 1}"
14,481.4,107.0,4,9.0,1,0.27086714859615596,18,"{""1440384"": 1, ""1440389"": 1, ""1440395"": 1, ""1440396"": 1, ""1440397"": 1, ""1440403"": 1, ""1773267"": 1, ""1440405"": 1, ""1773269"": 1, ""1773270"": 1, ""1440406"": 1, ""1773274"": 1, ""1440369"": 1, ""1440372"": 1, ""1440376"": 1, ""1440380"": 1, ""1440401"": 2, ""1440402"": 2, ""1773440"": 3, ""1440385"": 4, ""1440388"": 4, ""1440394"": 4, ""1773278"": 4, ""1440398"": 4, ""1440399"": 4, ""1440400"": 4, ""1440368"": 4, ""1440371"": 4, ""1440404"": 4, ""1440381"": 4, ""1440382"": 4, ""1440383"": 4}","{""Interior Walls"": 2.0, ""MEP"": 1, ""Ceiling"": 2.0, ""Doors"": 2, ""Interior Finishes"": 2.0}"
14,117.58100000000002,95.54600000000003,0,20.0,1,0.25733181243019015,19,"{""1440389"": 1, ""1773274"": 7, ""1440369"": 2, ""1773278"": 2, ""1773440"": 3, ""1440371"": 4, ""1440405"": 5, ""1773270"": 5, ""1440380"": 6, ""1440381"": 6, ""1440382"": 6, ""1773267"": 8, ""1440368"": 9, ""1440403"": 10, ""1440404"": 10, ""1440406"": 10, ""1440384"": 11, ""1440383"": 12, ""1440385"": 13, ""1440388"": 13, ""1440401"": 14, ""1440402"": 14, ""1440376"": 15, ""1440400"": 16, ""1440399"": 16, ""1773269"": 17, ""1440396"": 18, ""1440397"": 18, ""1440372"": 19, ""1440394"": 20, ""1440395"": 20, ""1440398"": 20}","{""Interior Walls"": 5.0, ""MEP"": 4.0, ""Ceiling"": 5.0, ""Doors"": 1, ""Interior Finishes"": 5.0}"
14,502.4,83.0,4,8.0,1,0.25503796416063096,20,"{""1440384"": 1, ""1440389"": 1, ""1440395"": 1, ""1440396"": 1, ""1440397"": 1, ""1440398"": 4, ""1440403"": 1, ""1773267"": 1, ""1440405"": 1, ""1773269"": 1, ""1773270"": 1, ""1773274"": 1, ""1440369"": 1, ""1440372"": 1, ""1440376"": 1, ""1440380"": 1, ""1440401"": 2, ""1440402"": 2, ""1773440"": 3, ""1440385"": 4, ""1440388"": 4, ""1440394"": 4, ""1773278"": 4, ""1440399"": 4, ""1440400"": 4, ""1440368"": 4, ""1440371"": 4, ""1440404"": 4, ""1440406"": 1, ""1440381"": 4, ""1440382"": 4, ""1440383"": 4}","{""Interior Walls"": 2.0, ""MEP"": 1, ""Ceiling"": 2.0, ""Doors"": 1, ""Interior Finishes"": 2.0}"
15,98.03599999999997,164.07599999999994,0,25.0,1,inf,1,"{""1440394"": 1, ""1440395"": 1, ""1440398"": 1, ""1440372"": 3, ""1440396"": 4, ""1440397"": 4, ""1773269"": 5, ""1440400"": 6, ""1440399"": 6, ""1440376"": 7, ""1440401"": 8, ""1440402"": 8, ""1440384"": 9, ""1440385"": 9, ""1440388"": 9, ""1440403"": 10, ""1440404"": 10, ""1440406"": 10, ""1440382"": 11, ""1440383"": 11, ""1773267"": 12, ""1440380"": 12, ""1440381"": 12, ""1440405"": 2, ""1773270"": 2, ""1440369"": 13, ""1440371"": 13, ""1440368"": 14, ""1773278"": 14, ""1773440"": 15, ""1773274"": 16, ""1440389"": 17}","{""Interior Walls"": 5.0, ""MEP"": 5.0, ""Ceiling"": 5.0, ""Doors"": 5.0, ""Interior Finishes"": 5.0}"
15,494.92,859.12,0,5.0,1,inf,2,"{""1440372"": 1, ""1440384"": 2, ""1440385"": 2, ""1440388"": 2, ""1440394"": 3, ""1440395"": 3, ""1440398"": 3, ""1440376"": 4, ""1440396"": 5, ""1440397"": 5, ""1773269"": 6, ""1440382"": 7, ""1440383"": 7, ""1440400"": 8, ""1440399"": 8, ""1773267"": 9, ""1440380"": 9, ""1440381"": 9, ""1440401"": 10, ""1440402"": 10, ""1773440"": 11, ""1440389"": 12, ""1440369"": 13, ""1440371"": 13, ""1440368"": 14, ""1773278"": 14, ""1440403"": 15, ""1440404"": 15, ""1440406"": 15, ""1440405"": 16, ""1773270"": 16, ""1773274"": 17}","{""Interior Walls"": 1, ""MEP"": 1, ""Ceiling"": 1, ""Doors"": 1, ""Interior Finishes"": 1}"
15,497.3,199.0,0,5.0,1,inf,3,"{""1440376"": 1, ""1440389"": 2, ""1773274"": 3, ""1440369"": 4, ""1440371"": 4, ""1440382"": 5, ""1440383"": 5, ""1440372"": 6, ""1773269"": 7, ""1440368"": 8, ""1773278"": 8, ""1773267"": 9, ""1440380"": 9, ""1440381"": 9, ""1440384"": 10, ""1440385"": 10, ""1440388"": 10, ""1440396"": 14, ""1440397"": 14, ""1440401"": 12, ""1440402"": 12, ""1440400"": 13, ""1440399"": 13, ""1440405"": 11, ""1773270"": 11, ""1773440"": 15, ""1440403"": 16, ""1440404"": 16, ""1440406"": 16, ""1440394"": 17, ""1440395"": 17, ""1440398"": 17}","{""Interior Walls"": 1, ""MEP"": 1, ""Ceiling"": 1, ""Doors"": 1, ""Interior Finishes"": 1}"
15,510.1,0.0,1,12.0,1,inf,4,"{""1440384"": 1, ""1773440"": 1, ""1440385"": 1, ""1440388"": 1, ""1440389"": 1, ""1440394"": 1, ""1440395"": 1, ""1440396"": 1, ""1440397"": 1, ""1440398"": 1, ""1440399"": 1, ""1440400"": 1, ""1440401"": 1, ""1440402"": 1, ""1440403"": 1, ""1440404"": 1, ""1440405"": 1, ""1440406"": 1, ""1773267"": 1, ""1773269"": 1, ""1773270"": 1, ""1773274"": 1, ""1773278"": 1, ""1440368"": 1, ""1440369"": 1, ""1440371"": 1, ""1440372"": 1, ""1440376"": 1, ""1440380"": 1, ""1440381"": 1, ""1440382"": 1, ""1440383"": 1}","{""Interior Walls"": 2.0, ""MEP"": 2.0, ""Ceiling"": 2.0, ""Doors"": 3.0, ""Interior Finishes"": 3.0}"
15,559.4333333333334,0.0,1,10.0,1,inf,5,"{""1440384"": 1, ""1440385"": 1, ""1773440"": 1, ""1440388"": 1, ""1440389"": 1, ""1440394"": 1, ""1440395"": 1, ""1440396"": 1, ""1440397"": 1, ""1440398"": 1, ""1440399"": 1, ""1440400"": 1, ""1440401"": 1, ""1440402"": 1, ""1440403"": 1, ""1440404"": 1, ""1440405"": 1, ""1440406"": 1, ""1773267"": 1, ""1773269"": 1, ""1773270"": 1, ""1773274"": 1, ""1773278"": 1, ""1440368"": 1, ""1440369"": 1, ""1440371"": 1, ""1440372"": 1, ""1440376"": 1, ""1440380"": 1, ""1440381"": 1, ""1440382"": 1, ""1440383"": 1}","{""Interior Walls"": 2.0, ""MEP"": 2.0, ""Ceiling"": 2.0, ""Doors"": 1, ""Interior Finishes"": 3.0}"
15,208.825,17.75,0,14.0,1,inf,6,"{""1440376"": 1, ""1440389"": 2, ""1773274"": 3, ""1440369"": 4, ""1440371"": 5, ""1440382"": 6, ""1440383"": 7, ""1440372"": 8, ""1773269"": 9, ""1773278"": 10, ""1440368"": 11, ""1773267"": 12, ""1440380"": 12, ""1440381"": 13, ""1440384"": 14, ""1440385"": 14, ""1440388"": 15, ""1440397"": 16, ""1440402"": 17, ""1440396"": 18, ""1440400"": 19, ""1440401"": 19, ""1440399"": 20, ""1440405"": 21, ""1773270"": 21, ""1773440"": 22, ""1440403"": 23, ""1440404"": 23, ""1440406"": 24, ""1440395"": 25, ""1440398"": 26, ""1440394"": 27}","{""Interior Walls"": 5.0, ""MEP"": 4.0, ""Ceiling"": 2.0, ""Doors"": 1, ""Interior Finishes"": 2.0}"
15,400.9,24.0,5,10.0,1,inf,7,"{""1440384"": 1, ""1440385"": 2, ""1773440"": 2, ""1440388"": 2, ""1440389"": 1, ""1440394"": 2, ""1440395"": 1, ""1440396"": 1, ""1440397"": 1, ""1440398"": 1, ""1440399"": 2, ""1440400"": 2, ""1440401"": 2, ""1440402"": 2, ""1440403"": 1, ""1440404"": 2, ""1440405"": 1, ""1440406"": 2, ""1773267"": 1, ""1773269"": 1, ""1773270"": 1, ""1773274"": 1, ""1773278"": 2, ""1440368"": 2, ""1440369"": 1, ""1440371"": 2, ""1440372"": 1, ""1440376"": 1, ""1440380"": 1, ""1440381"": 2, ""1440382"": 2, ""1440383"": 2}","{""Interior Walls"": 2.0, ""MEP"": 2.0, ""Ceiling"": 2.0, ""Doors"": 2.0, ""Interior Finishes"": 2.0}"
15,488.4,104.0,3,8.0,1,0.8704480924463166,8,"{""1440384"": 4, ""1440389"": 1, ""1440395"": 1, ""1440396"": 1, ""1440397"": 1, ""1440403"": 1, ""1773267"": 1, ""1440405"": 1, ""1773269"": 1, ""1773270"": 1, ""1440406"": 1, ""1773274"": 1, ""1440369"": 1, ""1440372"": 1, ""1440376"": 1, ""1440380"": 1, ""1440401"": 2, ""1440402"": 2, ""1773440"": 3, ""1440385"": 4, ""1440388"": 4, ""1440394"": 4, ""1440382"": 4, ""1440398"": 4, ""1440399"": 4, ""1440400"": 4, ""1440368"": 4, ""1440371"": 4, ""1440404"": 4, ""1440381"": 4, ""1773278"": 4, ""1440383"": 4}","{""Interior Walls"": 2.0, ""MEP"": 1, ""Ceiling"": 2.0, ""Doors"": 1, ""Interior Finishes"": 2.0}"
15,324.64,483.73999999999995,0,7.0,1,0.7189990563858074,9,"{""1440376"": 9, ""1440389"": 2, ""1773274"": 3, ""1440372"": 4, ""1773269"": 5, ""1440396"": 6, ""1440397"": 6, ""1440405"": 7, ""1773270"": 7, ""1440403"": 8, ""1440404"": 8, ""1440406"": 8, ""1773267"": 1, ""1440380"": 9, ""1440381"": 9, ""1440401"": 10, ""1440402"": 10, ""1440369"": 11, ""1440371"": 11, ""1440384"": 12, ""1440385"": 12, ""1440388"": 12, ""1773440"": 13, ""1440394"": 14, ""1440395"": 14, ""1440398"": 14, ""1440382"": 15, ""1440383"": 15, ""1440368"": 16, ""1773278"": 16, ""1440400"": 17, ""1440399"": 17}","{""Interior Walls"": 2.0, ""MEP"": 1, ""Ceiling"": 1, ""Doors"": 1, ""Interior Finishes"": 2.0}"
15,375.02,590.62,0,6.0,1,0.6522160079678092,10,"{""1440389"": 1, ""1773274"": 2, ""1440405"": 3, ""1773270"": 3, ""1773267"": 4, ""1440376"": 5, ""1773269"": 6, ""1440396"": 7, ""1440397"": 7, ""1440372"": 8, ""1440394"": 9, ""1440395"": 9, ""1440398"": 9, ""1440369"": 10, ""1773278"": 10, ""1440384"": 11, ""1440383"": 11, ""1440380"": 12, ""1440381"": 12, ""1440382"": 12, ""1440403"": 13, ""1440404"": 13, ""1440406"": 13, ""1440400"": 14, ""1440399"": 14, ""1440385"": 15, ""1440388"": 15, ""1773440"": 16, ""1440371"": 17, ""1440368"": 18, ""1440401"": 19, ""1440402"": 19}","{""Interior Walls"": 1, ""MEP"": 1.0, ""Ceiling"": 1, ""Doors"": 1, ""Interior Finishes"": 2.0}"
15,424.13,279.22999999999996,0,6.0,1,0.5008388258583072,11,"{""1440376"": 1, ""1440389"": 2, ""1773274"": 3, ""1440369"": 4, ""1440371"": 4, ""1440382"": 5, ""1440383"": 5, ""1440372"": 6, ""1773269"": 7, ""1440368"": 4, ""1773278"": 4, ""1773267"": 8, ""1440380"": 8, ""1440381"": 8, ""1440384"": 9, ""1440385"": 9, ""1440388"": 9, ""1440401"": 10, ""1440402"": 10, ""1440396"": 10, ""1440397"": 10, ""1440400"": 11, ""1440399"": 11, ""1440405"": 12, ""1773270"": 12, ""1773440"": 13, ""1440403"": 14, ""1440404"": 14, ""1440406"": 14, ""1440394"": 15, ""1440395"": 15, ""1440398"": 15}","{""Interior Walls"": 1, ""MEP"": 1, ""Ceiling"": 1, ""Doors"": 1, ""Interior Finishes"": 2.0}"
15,502.4,83.0,4,8.0,1,0.4863878725940667,12,"{""1440384"": 1, ""1440389"": 1, ""1440395"": 1, ""1440396"": 1, ""1440397"": 1, ""1440398"": 4, ""1440403"": 1, ""1773267"": 1, ""1440405"": 1, ""1773269"": 1, ""1773270"": 1, ""1773274"": 1, ""1440369"": 1, ""1440372"": 1, ""1440376"": 1, ""1440380"": 1, ""1440401"": 2, ""1440402"": 2, ""1773440"": 3, ""1440385"": 4, ""1440388"": 4, ""1440394"": 4, ""1773278"": 4, ""1440399"": 4, ""1440400"": 4, ""1440368"": 4, ""1440371"": 4, ""1440404"": 4, ""1440406"": 1, ""1440381"": 4, ""1440382"": 4, ""1440383"": 4}","{""Interior Walls"": 2.0, ""MEP"": 1, ""Ceiling"": 2.0, ""Doors"": 1, ""Interior Finishes"": 2.0}"
15,117.58100000000002,95.54600000000003,0,20.0,1,0.42743200494162026,13,"{""1440389"": 1, ""1773274"": 7, ""1440369"": 2, ""1773278"": 2, ""1773440"": 3, ""1440371"": 4, ""1440405"": 5, ""1773270"": 5, ""1440380"": 6, ""1440381"": 6, ""1440382"": 6, ""1773267"": 8, ""1440368"": 9, ""1440403"": 10, ""1440404"": 10, ""1440406"": 10, ""1440384"": 11, ""1440383"": 12, ""1440385"": 13, ""1440388"": 13, ""1440401"": 14, ""1440402"": 14, ""1440376"": 15, ""1440400"": 16, ""1440399"": 16, ""1773269"": 17, ""1440396"": 18, ""1440397"": 18, ""1440372"": 19, ""1440394"": 20, ""1440395"": 20, ""1440398"": 20}","{""Interior Walls"": 5.0, ""MEP"": 4.0, ""Ceiling"": 5.0, ""Doors"": 1, ""Interior Finishes"": 5.0}"
15,256.65000000000003,55.0,0,9.0,1,0.3471250412692918,14,"{""1440376"": 1, ""1440389"": 2, ""1773274"": 3, ""1440369"": 4, ""1440371"": 5, ""1440382"": 6, ""1440383"": 8, ""1440372"": 9, ""1773269"": 10, ""1773278"": 11, ""1440368"": 12, ""1773267"": 13, ""1440380"": 13, ""1440381"": 14, ""1440384"": 7, ""1440385"": 7, ""1440388"": 15, ""1440397"": 16, ""1440402"": 17, ""1440396"": 18, ""1440400"": 19, ""1440401"": 19, ""1440399"": 20, ""1440405"": 21, ""1773270"": 21, ""1773440"": 22, ""1440403"": 23, ""1440404"": 23, ""1440406"": 24, ""1440395"": 25, ""1440398"": 26, ""1440394"": 27}","{""Interior Walls"": 2.0, ""MEP"": 2.0, ""Ceiling"": 2.0, ""Doors"": 1, ""Interior Finishes"": 2.0}"
15,130.61466666666666,84.88799999999998,0,16.0,1,0.3420759488742835,15,"{""1440389"": 1, ""1440369"": 2, ""1773278"": 2, ""1773440"": 3, ""1440371"": 4, ""1440405"": 5, ""1773270"": 5, ""1440380"": 6, ""1440381"": 6, ""1440382"": 6, ""1773274"": 7, ""1440376"": 8, ""1773267"": 20, ""1440368"": 9, ""1440403"": 10, ""1440404"": 10, ""1440406"": 10, ""1440384"": 11, ""1440383"": 12, ""1440385"": 13, ""1440388"": 13, ""1440401"": 14, ""1440402"": 14, ""1440400"": 15, ""1440399"": 15, ""1773269"": 16, ""1440396"": 17, ""1440397"": 17, ""1440372"": 18, ""1440394"": 19, ""1440395"": 19, ""1440398"": 19}","{""Interior Walls"": 5.0, ""MEP"": 3.0, ""Ceiling"": 2.0, ""Doors"": 1, ""Interior Finishes"": 5.0}"
15,105.152,53.025333333333364,0,23.0,1,0.32844388709690053,16,"{""1440376"": 1, ""1440389"": 2, ""1773274"": 3, ""1440369"": 4, ""1440371"": 4, ""1440382"": 5, ""1440383"": 5, ""1440372"": 6, ""1773269"": 7, ""1440368"": 8, ""1773278"": 8, ""1773267"": 9, ""1440380"": 9, ""1440381"": 9, ""1440384"": 10, ""1440385"": 10, ""1440388"": 10, ""1440401"": 11, ""1440402"": 11, ""1440400"": 12, ""1440399"": 12, ""1440405"": 13, ""1773270"": 13, ""1773440"": 14, ""1440403"": 15, ""1440404"": 15, ""1440406"": 15, ""1440396"": 11, ""1440397"": 11, ""1440394"": 16, ""1440395"": 16, ""1440398"": 16}","{""Interior Walls"": 5.0, ""MEP"": 5.0, ""Ceiling"": 3.0, ""Doors"": 5.0, ""Interior Finishes"": 5.0}"
15,223.74,259.34000000000003,0,11.0,1,0.2970387836765086,17,"{""1440381"": 1, ""1440376"": 2, ""1440389"": 3, ""1773274"": 4, ""1440369"": 5, ""1440371"": 6, ""1440382"": 7, ""1440383"": 8, ""1440372"": 9, ""1773269"": 10, ""1773278"": 11, ""1440368"": 12, ""1773267"": 13, ""1440380"": 13, ""1440384"": 14, ""1440385"": 14, ""1440388"": 15, ""1440397"": 16, ""1440402"": 17, ""1440396"": 18, ""1440400"": 19, ""1440401"": 19, ""1440399"": 20, ""1440405"": 21, ""1773270"": 21, ""1773440"": 22, ""1440403"": 23, ""1440404"": 23, ""1440406"": 24, ""1440395"": 25, ""1440398"": 26, ""1440394"": 27}","{""Interior Walls"": 4.0, ""MEP"": 2.0, ""Ceiling"": 2.0, ""Doors"": 1, ""Interior Finishes"": 2.0}"
15,153.32666666666668,153.12666666666667,0,15.0,1,0.2342508139971717,18,"{""1440383"": 1, ""1440389"": 2, ""1440369"": 3, ""1773278"": 3, ""1773440"": 4, ""1440371"": 5, ""1440405"": 6, ""1773270"": 6, ""1440380"": 7, ""1440381"": 7, ""1440382"": 7, ""1773274"": 8, ""1440376"": 9, ""1773267"": 9, ""1440368"": 10, ""1440403"": 11, ""1440404"": 11, ""1440406"": 11, ""1440384"": 12, ""1440385"": 13, ""1440388"": 13, ""1440401"": 14, ""1440402"": 14, ""1440400"": 15, ""1440399"": 15, ""1773269"": 16, ""1440396"": 17, ""1440397"": 17, ""1440372"": 18, ""1440394"": 19, ""1440395"": 19, ""1440398"": 19}","{""Interior Walls"": 5.0, ""MEP"": 3.0, ""Ceiling"": 2.0, ""Doors"": 2.0, ""Interior Finishes"": 3.0}"
15,160.29333333333332,77.46000000000004,0,14.0,1,0.20287465777440428,19,"{""1440389"": 1, ""1440369"": 2, ""1773278"": 2, ""1773440"": 3, ""1440371"": 4, ""1440405"": 5, ""1773270"": 5, ""1440380"": 6, ""1440381"": 6, ""1440382"": 6, ""1773274"": 7, ""1440376"": 8, ""1773267"": 8, ""1440368"": 9, ""1440403"": 10, ""1440404"": 10, ""1440406"": 10, ""1440384"": 11, ""1440383"": 12, ""1440385"": 13, ""1440388"": 13, ""1440401"": 14, ""1440402"": 14, ""1440400"": 15, ""1440399"": 15, ""1773269"": 16, ""1440396"": 17, ""1440397"": 17, ""1440372"": 18, ""1440394"": 19, ""1440395"": 19, ""1440398"": 19}","{""Interior Walls"": 5.0, ""MEP"": 3.0, ""Ceiling"": 2.0, ""Doors"": 1, ""Interior Finishes"": 3.0}"
15,471.14,203.24,6,9.0,2,inf,20,"{""1440384"": 1, ""1773440"": 2, ""1440385"": 1, ""1440388"": 1, ""1440389"": 2, ""1440394"": 2, ""1440395"": 2, ""1440396"": 2, ""1440397"": 2, ""1440398"": 1, ""1440399"": 1, ""1440400"": 1, ""1440401"": 2, ""1440402"": 2, ""1440403"": 1, ""1440404"": 2, ""1440405"": 1, ""1440406"": 1, ""1773267"": 2, ""1773269"": 2, ""1773270"": 1, ""1773274"": 2, ""1773278"": 1, ""1440368"": 1, ""1440369"": 1, ""1440371"": 2, ""1440372"": 1, ""1440376"": 1, ""1440380"": 2, ""1440381"": 2, ""1440382"": 1, ""1440383"": 2}","{""Interior Walls"": 2.0, ""MEP"": 1, ""Ceiling"": 2.0, ""Doors"": 2.0, ""Interior Finishes"": 2.0}"
16,98.03599999999997,164.07599999999994,0,25.0,1,inf,1,"{""1440394"": 1, ""1440395"": 1, ""1440398"": 1, ""1440372"": 3, ""1440396"": 4, ""1440397"": 4, ""1773269"": 5, ""1440400"": 6, ""1440399"": 6, ""1440376"": 7, ""1440401"": 8, ""1440402"": 8, ""1440384"": 9, ""1440385"": 9, ""1440388"": 9, ""1440403"": 10, ""1440404"": 10, ""1440406"": 10, ""1440382"": 11, ""1440383"": 11, ""1773267"": 12, ""1440380"": 12, ""1440381"": 12, ""1440405"": 2, ""1773270"": 2, ""1440369"": 13, ""1440371"": 13, ""1440368"": 14, ""1773278"": 14, ""1773440"": 15, ""1773274"": 16, ""1440389"": 17}","{""Interior Walls"": 5.0, ""MEP"": 5.0, ""Ceiling"": 5.0, ""Doors"": 5.0, ""Interior Finishes"": 5.0}"
16,494.92,859.12,0,5.0,1,inf,2,"{""1440372"": 1, ""1440384"": 2, ""1440385"": 2, ""1440388"": 2, ""1440394"": 3, ""1440395"": 3, ""1440398"": 3, ""1440376"": 4, ""1440396"": 5, ""1440397"": 5, ""1773269"": 6, ""1440382"": 7, ""1440383"": 7, ""1440400"": 8, ""1440399"": 8, ""1773267"": 9, ""1440380"": 9, ""1440381"": 9, ""1440401"": 10, ""1440402"": 10, ""1773440"": 11, ""1440389"": 12, ""1440369"": 13, ""1440371"": 13, ""1440368"": 14, ""1773278"": 14, ""1440403"": 15, ""1440404"": 15, ""1440406"": 15, ""1440405"": 16, ""1773270"": 16, ""1773274"": 17}","{""Interior Walls"": 1, ""MEP"": 1, ""Ceiling"": 1, ""Doors"": 1, ""Interior Finishes"": 1}"
16,497.3,199.0,0,5.0,1,inf,3,"{""1440376"": 1, ""1440389"": 2, ""1773274"": 3, ""1440369"": 4, ""1440371"": 4, ""1440382"": 5, ""1440383"": 5, ""1440372"": 6, ""1773269"": 7, ""1440368"": 8, ""1773278"": 8, ""1773267"": 9, ""1440380"": 9, ""1440381"": 9, ""1440384"": 10, ""1440385"": 10, ""1440388"": 10, ""1440396"": 14, ""1440397"": 14, ""1440401"": 12, ""1440402"": 12, ""1440400"": 13, ""1440399"": 13, ""1440405"": 11, ""1773270"": 11, ""1773440"": 15, ""1440403"": 16, ""1440404"": 16, ""1440406"": 16, ""1440394"": 17, ""1440395"": 17, ""1440398"": 17}","{""Interior Walls"": 1, ""MEP"": 1, ""Ceiling"": 1, ""Doors"": 1, ""Interior Finishes"": 1}"
16,510.1,0.0,1,12.0,1,inf,4,"{""1440384"": 1, ""1773440"": 1, ""1440385"": 1, ""1440388"": 1, ""1440389"": 1, ""1440394"": 1, ""1440395"": 1, ""1440396"": 1, ""1440397"": 1, ""1440398"": 1, ""1440399"": 1, ""1440400"": 1, ""1440401"": 1, ""1440402"": 1, ""1440403"": 1, ""1440404"": 1, ""1440405"": 1, ""1440406"": 1, ""1773267"": 1, ""1773269"": 1, ""1773270"": 1, ""1773274"": 1, ""1773278"": 1, ""1440368"": 1, ""1440369"": 1, ""1440371"": 1, ""1440372"": 1, ""1440376"": 1, ""1440380"": 1, ""1440381"": 1, ""1440382"": 1, ""1440383"": 1}","{""Interior Walls"": 2.0, ""MEP"": 2.0, ""Ceiling"": 2.0, ""Doors"": 3.0, ""Interior Finishes"": 3.0}"
16,559.4333333333334,0.0,1,10.0,1,inf,5,"{""1440384"": 1, ""1440385"": 1, ""1773440"": 1, ""1440388"": 1, ""1440389"": 1, ""1440394"": 1, ""1440395"": 1, ""1440396"": 1, ""1440397"": 1, ""1440398"": 1, ""1440399"": 1, ""1440400"": 1, ""1440401"": 1, ""1440402"": 1, ""1440403"": 1, ""1440404"": 1, ""1440405"": 1, ""1440406"": 1, ""1773267"": 1, ""1773269"": 1, ""1773270"": 1, ""1773274"": 1, ""1773278"": 1, ""1440368"": 1, ""1440369"": 1, ""1440371"": 1, ""1440372"": 1, ""1440376"": 1, ""1440380"": 1, ""1440381"": 1, ""1440382"": 1, ""1440383"": 1}","{""Interior Walls"": 2.0, ""MEP"": 2.0, ""Ceiling"": 2.0, ""Doors"": 1, ""Interior Finishes"": 3.0}"
16,208.825,17.75,0,14.0,1,inf,6,"{""1440376"": 1, ""1440389"": 2, ""1773274"": 3, ""1440369"": 4, ""1440371"": 5, ""1440382"": 6, ""1440383"": 7, ""1440372"": 8, ""1773269"": 9, ""1773278"": 10, ""1440368"": 11, ""1773267"": 12, ""1440380"": 12, ""1440381"": 13, ""1440384"": 14, ""1440385"": 14, ""1440388"": 15, ""1440397"": 16, ""1440402"": 17, ""1440396"": 18, ""1440400"": 19, ""1440401"": 19, ""1440399"": 20, ""1440405"": 21, ""1773270"": 21, ""1773440"": 22, ""1440403"": 23, ""1440404"": 23, ""1440406"": 24, ""1440395"": 25, ""1440398"": 26, ""1440394"": 27}","{""Interior Walls"": 5.0, ""MEP"": 4.0, ""Ceiling"": 2.0, ""Doors"": 1, ""Interior Finishes"": 2.0}"
16,400.9,24.0,5,10.0,1,inf,7,"{""1440384"": 1, ""1440385"": 2, ""1773440"": 2, ""1440388"": 2, ""1440389"": 1, ""1440394"": 2, ""1440395"": 1, ""1440396"": 1, ""1440397"": 1, ""1440398"": 1, ""1440399"": 2, ""1440400"": 2, ""1440401"": 2, ""1440402"": 2, ""1440403"": 1, ""1440404"": 2, ""1440405"": 1, ""1440406"": 2, ""1773267"": 1, ""1773269"": 1, ""1773270"": 1, ""1773274"": 1, ""1773278"": 2, ""1440368"": 2, ""1440369"": 1, ""1440371"": 2, ""1440372"": 1, ""1440376"": 1, ""1440380"": 1, ""1440381"": 2, ""1440382"": 2, ""1440383"": 2}","{""Interior Walls"": 2.0, ""MEP"": 2.0, ""Ceiling"": 2.0, ""Doors"": 2.0, ""Interior Finishes"": 2.0}"
16,488.4,104.0,3,8.0,1,0.8356193981611306,8,"{""1440384"": 4, ""1440389"": 1, ""1440395"": 1, ""1440396"": 1, ""1440397"": 1, ""1440403"": 1, ""1773267"": 1, ""1440405"": 1, ""1773269"": 1, ""1773270"": 1, ""1440406"": 1, ""1773274"": 1, ""1440369"": 1, ""1440372"": 1, ""1440376"": 1, ""1440380"": 1, ""1440401"": 2, ""1440402"": 2, ""1773440"": 3, ""1440385"": 4, ""1440388"": 4, ""1440394"": 4, ""1440382"": 4, ""1440398"": 4, ""1440399"": 4, ""1440400"": 4, ""1440368"": 4, ""1440371"": 4, ""1440404"": 4, ""1440381"": 4, ""1773278"": 4, ""1440383"": 4}","{""Interior Walls"": 2.0, ""MEP"": 1, ""Ceiling"": 2.0, ""Doors"": 1, ""Interior Finishes"": 2.0}"
16,375.02,590.62,0,6.0,1,0.6522160079678092,9,"{""1440389"": 1, ""1773274"": 2, ""1440405"": 3, ""1773270"": 3, ""1773267"": 4, ""1440376"": 5, ""1773269"": 6, ""1440396"": 7, ""1440397"": 7, ""1440372"": 8, ""1440394"": 9, ""1440395"": 9, ""1440398"": 9, ""1440369"": 10, ""1773278"": 10, ""1440384"": 11, ""1440383"": 11, ""1440380"": 12, ""1440381"": 12, ""1440382"": 12, ""1440403"": 13, ""1440404"": 13, ""1440406"": 13, ""1440400"": 14, ""1440399"": 14, ""1440385"": 15, ""1440388"": 15, ""1773440"": 16, ""1440371"": 17, ""1440368"": 18, ""1440401"": 19, ""1440402"": 19}","{""Interior Walls"": 1, ""MEP"": 1.0, ""Ceiling"": 1, ""Doors"": 1, ""Interior Finishes"": 2.0}"
16,502.4,83.0,4,8.0,1,0.4863878725940667,10,"{""1440384"": 1, ""1440389"": 1, ""1440395"": 1, ""1440396"": 1, ""1440397"": 1, ""1440398"": 4, ""1440403"": 1, ""1773267"": 1, ""1440405"": 1, ""1773269"": 1, ""1773270"": 1, ""1773274"": 1, ""1440369"": 1, ""1440372"": 1, ""1440376"": 1, ""1440380"": 1, ""1440401"": 2, ""1440402"": 2, ""1773440"": 3, ""1440385"": 4, ""1440388"": 4, ""1440394"": 4, ""1773278"": 4, ""1440399"": 4, ""1440400"": 4, ""1440368"": 4, ""1440371"": 4, ""1440404"": 4, ""1440406"": 1, ""1440381"": 4, ""1440382"": 4, ""1440383"": 4}","{""Interior Walls"": 2.0, ""MEP"": 1, ""Ceiling"": 2.0, ""Doors"": 1, ""Interior Finishes"": 2.0}"
16,293.13,470.72999999999996,0,8.0,1,0.45855422950173225,11,"{""1440372"": 1, ""1440376"": 2, ""1440389"": 3, ""1773274"": 4, ""1440368"": 5, ""1440369"": 5, ""1440371"": 5, ""1773278"": 5, ""1440382"": 6, ""1440383"": 6, ""1773269"": 7, ""1773267"": 8, ""1440380"": 8, ""1440381"": 8, ""1440384"": 9, ""1440385"": 9, ""1440388"": 9, ""1440401"": 10, ""1440402"": 10, ""1440396"": 10, ""1440397"": 10, ""1440400"": 11, ""1440399"": 11, ""1440405"": 12, ""1773270"": 12, ""1773440"": 13, ""1440403"": 14, ""1440404"": 14, ""1440406"": 14, ""1440394"": 15, ""1440395"": 15, ""1440398"": 15}","{""Interior Walls"": 2.0, ""MEP"": 2.0, ""Ceiling"": 1, ""Doors"": 1, ""Interior Finishes"": 2.0}"
16,324.64,483.73999999999995,0,7.0,1,0.41703237542902427,12,"{""1440376"": 9, ""1440389"": 2, ""1773274"": 3, ""1440372"": 4, ""1773269"": 5, ""1440396"": 6, ""1440397"": 6, ""1440405"": 7, ""1773270"": 7, ""1440403"": 8, ""1440404"": 8, ""1440406"": 8, ""1773267"": 1, ""1440380"": 9, ""1440381"": 9, ""1440401"": 10, ""1440402"": 10, ""1440369"": 11, ""1440371"": 11, ""1440384"": 12, ""1440385"": 12, ""1440388"": 12, ""1773440"": 13, ""1440394"": 14, ""1440395"": 14, ""1440398"": 14, ""1440382"": 15, ""1440383"": 15, ""1440368"": 16, ""1773278"": 16, ""1440400"": 17, ""1440399"": 17}","{""Interior Walls"": 2.0, ""MEP"": 1, ""Ceiling"": 1, ""Doors"": 1, ""Interior Finishes"": 2.0}"
16,223.74,259.34000000000003,0,11.0,1,0.37797077484011105,13,"{""1440381"": 1, ""1440376"": 2, ""1440389"": 3, ""1773274"": 4, ""1440369"": 5, ""1440371"": 6, ""1440382"": 7, ""1440383"": 8, ""1440372"": 9, ""1773269"": 10, ""1773278"": 11, ""1440368"": 12, ""1773267"": 13, ""1440380"": 13, ""1440384"": 14, ""1440385"": 14, ""1440388"": 15, ""1440397"": 16, ""1440402"": 17, ""1440396"": 18, ""1440400"": 19, ""1440401"": 19, ""1440399"": 20, ""1440405"": 21, ""1773270"": 21, ""1773440"": 22, ""1440403"": 23, ""1440404"": 23, ""1440406"": 24, ""1440395"": 25, ""1440398"": 26, ""1440394"": 27}","{""Interior Walls"": 4.0, ""MEP"": 2.0, ""Ceiling"": 2.0, ""Doors"": 1, ""Interior Finishes"": 2.0}"
16,417.13,258.22999999999996,0,6.0,1,0.30987598015572787,14,"{""1440376"": 1, ""1440389"": 10, ""1773274"": 2, ""1440368"": 3, ""1440369"": 4, ""1773278"": 4, ""1440371"": 5, ""1440372"": 6, ""1773269"": 7, ""1440384"": 8, ""1440383"": 8, ""1440380"": 9, ""1440381"": 9, ""1440382"": 9, ""1773267"": 11, ""1440385"": 12, ""1440388"": 12, ""1440396"": 13, ""1440397"": 13, ""1440401"": 14, ""1440402"": 14, ""1440400"": 15, ""1440399"": 15, ""1440405"": 16, ""1773270"": 16, ""1773440"": 17, ""1440403"": 18, ""1440404"": 18, ""1440406"": 18, ""1440394"": 19, ""1440395"": 19, ""1440398"": 19}","{""Interior Walls"": 1, ""MEP"": 1, ""Ceiling"": 1, ""Doors"": 1, ""Interior Finishes"": 2.0}"
16,105.152,53.025333333333364,0,23.0,1,0.2979568771332168,15,"{""1440376"": 1, ""1440389"": 2, ""1773274"": 3, ""1440369"": 4, ""1440371"": 4, ""1440382"": 5, ""1440383"": 5, ""1440372"": 6, ""1773269"": 7, ""1440368"": 8, ""1773278"": 8, ""1773267"": 9, ""1440380"": 9, ""1440381"": 9, ""1440384"": 10, ""1440385"": 10, ""1440388"": 10, ""1440401"": 11, ""1440402"": 11, ""1440400"": 12, ""1440399"": 12, ""1440405"": 13, ""1773270"": 13, ""1773440"": 14, ""1440403"": 15, ""1440404"": 15, ""1440406"": 15, ""1440396"": 11, ""1440397"": 11, ""1440394"": 16, ""1440395"": 16, ""1440398"": 16}","{""Interior Walls"": 5.0, ""MEP"": 5.0, ""Ceiling"": 3.0, ""Doors"": 5.0, ""Interior Finishes"": 5.0}"
16,130.61466666666666,84.88799999999998,0,16.0,1,0.2742222118204644,16,"{""1440389"": 1, ""1440369"": 2, ""1773278"": 2, ""1773440"": 3, ""1440371"": 4, ""1440405"": 5, ""1773270"": 5, ""1440380"": 6, ""1440381"": 6, ""1440382"": 6, ""1773274"": 7, ""1440376"": 8, ""1773267"": 20, ""1440368"": 9, ""1440403"": 10, ""1440404"": 10, ""1440406"": 10, ""1440384"": 11, ""1440383"": 12, ""1440385"": 13, ""1440388"": 13, ""1440401"": 14, ""1440402"": 14, ""1440400"": 15, ""1440399"": 15, ""1773269"": 16, ""1440396"": 17, ""1440397"": 17, ""1440372"": 18, ""1440394"": 19, ""1440395"": 19, ""1440398"": 19}","{""Interior Walls"": 5.0, ""MEP"": 3.0, ""Ceiling"": 2.0, ""Doors"": 1, ""Interior Finishes"": 5.0}"
16,117.58100000000002,95.54600000000003,0,20.0,1,0.2670374931975848,17,"{""1440389"": 1, ""1773274"": 7, ""1440369"": 2, ""1773278"": 2, ""1773440"": 3, ""1440371"": 4, ""1440405"": 5, ""1773270"": 5, ""1440380"": 6, ""1440381"": 6, ""1440382"": 6, ""1773267"": 8, ""1440368"": 9, ""1440403"": 10, ""1440404"": 10, ""1440406"": 10, ""1440384"": 11, ""1440383"": 12, ""1440385"": 13, ""1440388"": 13, ""1440401"": 14, ""1440402"": 14, ""1440376"": 15, ""1440400"": 16, ""1440399"": 16, ""1773269"": 17, ""1440396"": 18, ""1440397"": 18, ""1440372"": 19, ""1440394"": 20, ""1440395"": 20, ""1440398"": 20}","{""Interior Walls"": 5.0, ""MEP"": 4.0, ""Ceiling"": 5.0, ""Doors"": 1, ""Interior Finishes"": 5.0}"
16,125.81866666666667,50.19199999999999,0,19.0,1,0.2620332070497092,18,"{""1440376"": 1, ""1440389"": 2, ""1773274"": 3, ""1440371"": 4, ""1440384"": 5, ""1440369"": 6, ""1773278"": 6, ""1440383"": 7, ""1440372"": 8, ""1773269"": 9, ""1440380"": 10, ""1440381"": 10, ""1440382"": 10, ""1440385"": 11, ""1440388"": 11, ""1440368"": 12, ""1773267"": 13, ""1440396"": 14, ""1440397"": 14, ""1440401"": 15, ""1440402"": 15, ""1440400"": 16, ""1440399"": 16, ""1440405"": 17, ""1773270"": 17, ""1773440"": 18, ""1440403"": 19, ""1440404"": 19, ""1440406"": 19, ""1440394"": 20, ""1440395"": 20, ""1440398"": 20}","{""Interior Walls"": 5.0, ""MEP"": 3.0, ""Ceiling"": 5.0, ""Doors"": 1, ""Interior Finishes"": 5.0}"
16,153.32666666666668,153.12666666666667,0,15.0,1,0.2342508139971717,19,"{""1440383"": 1, ""1440389"": 2, ""1440369"": 3, ""1773278"": 3, ""1773440"": 4, ""1440371"": 5, ""1440405"": 6, ""1773270"": 6, ""1440380"": 7, ""1440381"": 7, ""1440382"": 7, ""1773274"": 8, ""1440376"": 9, ""1773267"": 9, ""1440368"": 10, ""1440403"": 11, ""1440404"": 11, ""1440406"": 11, ""1440384"": 12, ""1440385"": 13, ""1440388"": 13, ""1440401"": 14, ""1440402"": 14, ""1440400"": 15, ""1440399"": 15, ""1773269"": 16, ""1440396"": 17, ""1440397"": 17, ""1440372"": 18, ""1440394"": 19, ""1440395"": 19, ""1440398"": 19}","{""Interior Walls"": 5.0, ""MEP"": 3.0, ""Ceiling"": 2.0, ""Doors"": 2.0, ""Interior Finishes"": 3.0}"
16,201.60000000000005,75.3,0,13.0,1,0.21808684509213805,20,"{""1440389"": 1, ""1440369"": 2, ""1773278"": 2, ""1773440"": 3, ""1440371"": 4, ""1440405"": 5, ""1773270"": 5, ""1440380"": 6, ""1440381"": 6, ""1440382"": 6, ""1773274"": 7, ""1440376"": 8, ""1440368"": 4, ""1440403"": 9, ""1440404"": 9, ""1440406"": 9, ""1440384"": 10, ""1440383"": 11, ""1440385"": 12, ""1440388"": 12, ""1440401"": 13, ""1440402"": 13, ""1440400"": 14, ""1440399"": 14, ""1773269"": 15, ""1440396"": 16, ""1440397"": 16, ""1440372"": 17, ""1440394"": 18, ""1440395"": 18, ""1440398"": 18, ""1773267"": 19}","{""Interior Walls"": 5.0, ""MEP"": 3.0, ""Ceiling"": 2.0, ""Doors"": 1, ""Interior Finishes"": 2.0}"
17,98.03599999999997,164.07599999999994,0,25.0,1,inf,1,"{""1440394"": 1, ""1440395"": 1, ""1440398"": 1, ""1440372"": 3, ""1440396"": 4, ""1440397"": 4, ""1773269"": 5, ""1440400"": 6, ""1440399"": 6, ""1440376"": 7, ""1440401"": 8, ""1440402"": 8, ""1440384"": 9, ""1440385"": 9, ""1440388"": 9, ""1440403"": 10, ""1440404"": 10, ""1440406"": 10, ""1440382"": 11, ""1440383"": 11, ""1773267"": 12, ""1440380"": 12, ""1440381"": 12, ""1440405"": 2, ""1773270"": 2, ""1440369"": 13, ""1440371"": 13, ""1440368"": 14, ""1773278"": 14, ""1773440"": 15, ""1773274"": 16, ""1440389"": 17}","{""Interior Walls"": 5.0, ""MEP"": 5.0, ""Ceiling"": 5.0, ""Doors"": 5.0, ""Interior Finishes"": 5.0}"
17,494.92,859.12,0,5.0,1,inf,2,"{""1440372"": 1, ""1440384"": 2, ""1440385"": 2, ""1440388"": 2, ""1440394"": 3, ""1440395"": 3, ""1440398"": 3, ""1440376"": 4, ""1440396"": 5, ""1440397"": 5, ""1773269"": 6, ""1440382"": 7, ""1440383"": 7, ""1440400"": 8, ""1440399"": 8, ""1773267"": 9, ""1440380"": 9, ""1440381"": 9, ""1440401"": 10, ""1440402"": 10, ""1773440"": 11, ""1440389"": 12, ""1440369"": 13, ""1440371"": 13, ""1440368"": 14, ""1773278"": 14, ""1440403"": 15, ""1440404"": 15, ""1440406"": 15, ""1440405"": 16, ""1773270"": 16, ""1773274"": 17}","{""Interior Walls"": 1, ""MEP"": 1, ""Ceiling"": 1, ""Doors"": 1, ""Interior Finishes"": 1}"
17,510.1,0.0,1,12.0,1,inf,3,"{""1440384"": 1, ""1773440"": 1, ""1440385"": 1, ""1440388"": 1, ""1440389"": 1, ""1440394"": 1, ""1440395"": 1, ""1440396"": 1, ""1440397"": 1, ""1440398"": 1, ""1440399"": 1, ""1440400"": 1, ""1440401"": 1, ""1440402"": 1, ""1440403"": 1, ""1440404"": 1, ""1440405"": 1, ""1440406"": 1, ""1773267"": 1, ""1773269"": 1, ""1773270"": 1, ""1773274"": 1, ""1773278"": 1, ""1440368"": 1, ""1440369"": 1, ""1440371"": 1, ""1440372"": 1, ""1440376"": 1, ""1440380"": 1, ""1440381"": 1, ""1440382"": 1, ""1440383"": 1}","{""Interior Walls"": 2.0, ""MEP"": 2.0, ""Ceiling"": 2.0, ""Doors"": 3.0, ""Interior Finishes"": 3.0}"
17,559.4333333333334,0.0,1,10.0,1,inf,4,"{""1440384"": 1, ""1440385"": 1, ""1773440"": 1, ""1440388"": 1, ""1440389"": 1, ""1440394"": 1, ""1440395"": 1, ""1440396"": 1, ""1440397"": 1, ""1440398"": 1, ""1440399"": 1, ""1440400"": 1, ""1440401"": 1, ""1440402"": 1, ""1440403"": 1, ""1440404"": 1, ""1440405"": 1, ""1440406"": 1, ""1773267"": 1, ""1773269"": 1, ""1773270"": 1, ""1773274"": 1, ""1773278"": 1, ""1440368"": 1, ""1440369"": 1, ""1440371"": 1, ""1440372"": 1, ""1440376"": 1, ""1440380"": 1, ""1440381"": 1, ""1440382"": 1, ""1440383"": 1}","{""Interior Walls"": 2.0, ""MEP"": 2.0, ""Ceiling"": 2.0, ""Doors"": 1, ""Interior Finishes"": 3.0}"
17,400.9,24.0,5,10.0,1,inf,5,"{""1440384"": 1, ""1440385"": 2, ""1773440"": 2, ""1440388"": 2, ""1440389"": 1, ""1440394"": 2, ""1440395"": 1, ""1440396"": 1, ""1440397"": 1, ""1440398"": 1, ""1440399"": 2, ""1440400"": 2, ""1440401"": 2, ""1440402"": 2, ""1440403"": 1, ""1440404"": 2, ""1440405"": 1, ""1440406"": 2, ""1773267"": 1, ""1773269"": 1, ""1773270"": 1, ""1773274"": 1, ""1773278"": 2, ""1440368"": 2, ""1440369"": 1, ""1440371"": 2, ""1440372"": 1, ""1440376"": 1, ""1440380"": 1, ""1440381"": 2, ""1440382"": 2, ""1440383"": 2}","{""Interior Walls"": 2.0, ""MEP"": 2.0, ""Ceiling"": 2.0, ""Doors"": 2.0, ""Interior Finishes"": 2.0}"
17,497.3,193.0,0,5.0,1,inf,6,"{""1440376"": 1, ""1440389"": 2, ""1773274"": 3, ""1440369"": 4, ""1440371"": 4, ""1440382"": 5, ""1440383"": 5, ""1440372"": 6, ""1773269"": 12, ""1440368"": 8, ""1773278"": 8, ""1773267"": 9, ""1440380"": 9, ""1440381"": 9, ""1440384"": 10, ""1440385"": 10, ""1440388"": 10, ""1440405"": 11, ""1773270"": 11, ""1440401"": 7, ""1440402"": 7, ""1440400"": 13, ""1440399"": 13, ""1440396"": 14, ""1440397"": 14, ""1773440"": 15, ""1440403"": 16, ""1440404"": 16, ""1440406"": 16, ""1440394"": 17, ""1440395"": 17, ""1440398"": 17}","{""Interior Walls"": 1, ""MEP"": 1, ""Ceiling"": 1, ""Doors"": 1, ""Interior Finishes"": 1}"
17,126.8,10.299999999999983,0,20.0,1,inf,7,"{""1440376"": 1, ""1440389"": 2, ""1773274"": 3, ""1440369"": 4, ""1440371"": 5, ""1440382"": 6, ""1440383"": 7, ""1440372"": 8, ""1773269"": 9, ""1773278"": 10, ""1440368"": 11, ""1773267"": 12, ""1440380"": 12, ""1440381"": 13, ""1440384"": 14, ""1440385"": 14, ""1440388"": 14, ""1440397"": 15, ""1440402"": 16, ""1440396"": 17, ""1440400"": 18, ""1440401"": 18, ""1440399"": 19, ""1440405"": 20, ""1773270"": 20, ""1773440"": 21, ""1440403"": 22, ""1440404"": 22, ""1440406"": 22, ""1440395"": 23, ""1440398"": 24, ""1440394"": 25}","{""Interior Walls"": 5.0, ""MEP"": 5.0, ""Ceiling"": 5.0, ""Doors"": 1, ""Interior Finishes"": 4.0}"
17,488.4,104.0,3,8.0,1,0.7974795961932255,8,"{""1440384"": 4, ""1440389"": 1, ""1440395"": 1, ""1440396"": 1, ""1440397"": 1, ""1440403"": 1, ""1773267"": 1, ""1440405"": 1, ""1773269"": 1, ""1773270"": 1, ""1440406"": 1, ""1773274"": 1, ""1440369"": 1, ""1440372"": 1, ""1440376"": 1, ""1440380"": 1, ""1440401"": 2, ""1440402"": 2, ""1773440"": 3, ""1440385"": 4, ""1440388"": 4, ""1440394"": 4, ""1440382"": 4, ""1440398"": 4, ""1440399"": 4, ""1440400"": 4, ""1440368"": 4, ""1440371"": 4, ""1440404"": 4, ""1440381"": 4, ""1773278"": 4, ""1440383"": 4}","{""Interior Walls"": 2.0, ""MEP"": 1, ""Ceiling"": 2.0, ""Doors"": 1, ""Interior Finishes"": 2.0}"
17,375.02,590.62,0,6.0,1,0.6522160079678092,9,"{""1440389"": 1, ""1773274"": 2, ""1440405"": 3, ""1773270"": 3, ""1773267"": 4, ""1440376"": 5, ""1773269"": 6, ""1440396"": 7, ""1440397"": 7, ""1440372"": 8, ""1440394"": 9, ""1440395"": 9, ""1440398"": 9, ""1440369"": 10, ""1773278"": 10, ""1440384"": 11, ""1440383"": 11, ""1440380"": 12, ""1440381"": 12, ""1440382"": 12, ""1440403"": 13, ""1440404"": 13, ""1440406"": 13, ""1440400"": 14, ""1440399"": 14, ""1440385"": 15, ""1440388"": 15, ""1773440"": 16, ""1440371"": 17, ""1440368"": 18, ""1440401"": 19, ""1440402"": 19}","{""Interior Walls"": 1, ""MEP"": 1.0, ""Ceiling"": 1, ""Doors"": 1, ""Interior Finishes"": 2.0}"
17,502.4,83.0,4,8.0,1,0.5389020731714017,10,"{""1440384"": 1, ""1440389"": 1, ""1440395"": 1, ""1440396"": 1, ""1440397"": 1, ""1440398"": 4, ""1440403"": 1, ""1773267"": 1, ""1440405"": 1, ""1773269"": 1, ""1773270"": 1, ""1773274"": 1, ""1440369"": 1, ""1440372"": 1, ""1440376"": 1, ""1440380"": 1, ""1440401"": 2, ""1440402"": 2, ""1773440"": 3, ""1440385"": 4, ""1440388"": 4, ""1440394"": 4, ""1773278"": 4, ""1440399"": 4, ""1440400"": 4, ""1440368"": 4, ""1440371"": 4, ""1440404"": 4, ""1440406"": 1, ""1440381"": 4, ""1440382"": 4, ""1440383"": 4}","{""Interior Walls"": 2.0, ""MEP"": 1, ""Ceiling"": 2.0, ""Doors"": 1, ""Interior Finishes"": 2.0}"
17,324.64,483.73999999999995,0,7.0,1,0.4078645721185007,11,"{""1440376"": 9, ""1440389"": 2, ""1773274"": 3, ""1440372"": 4, ""1773269"": 5, ""1440396"": 6, ""1440397"": 6, ""1440405"": 7, ""1773270"": 7, ""1440403"": 8, ""1440404"": 8, ""1440406"": 8, ""1773267"": 1, ""1440380"": 9, ""1440381"": 9, ""1440401"": 10, ""1440402"": 10, ""1440369"": 11, ""1440371"": 11, ""1440384"": 12, ""1440385"": 12, ""1440388"": 12, ""1773440"": 13, ""1440394"": 14, ""1440395"": 14, ""1440398"": 14, ""1440382"": 15, ""1440383"": 15, ""1440368"": 16, ""1773278"": 16, ""1440400"": 17, ""1440399"": 17}","{""Interior Walls"": 2.0, ""MEP"": 1, ""Ceiling"": 1, ""Doors"": 1, ""Interior Finishes"": 2.0}"
17,297.36000000000007,312.46,0,8.0,1,0.3643466508822244,12,"{""1440376"": 8, ""1440389"": 1, ""1773274"": 2, ""1440369"": 3, ""1440371"": 4, ""1440382"": 5, ""1440383"": 6, ""1440372"": 7, ""1773269"": 8, ""1773278"": 9, ""1440368"": 10, ""1773267"": 11, ""1440380"": 11, ""1440381"": 12, ""1440384"": 13, ""1440385"": 13, ""1440388"": 14, ""1440397"": 15, ""1440402"": 16, ""1440396"": 17, ""1440400"": 18, ""1440401"": 18, ""1440399"": 19, ""1440405"": 20, ""1773270"": 20, ""1773440"": 21, ""1440403"": 22, ""1440404"": 22, ""1440406"": 23, ""1440395"": 24, ""1440398"": 25, ""1440394"": 26}","{""Interior Walls"": 2.0, ""MEP"": 1, ""Ceiling"": 2.0, ""Doors"": 1, ""Interior Finishes"": 2.0}"
17,293.13,470.72999999999996,0,8.0,1,0.3589255834607593,13,"{""1440372"": 1, ""1440376"": 2, ""1440389"": 3, ""1773274"": 4, ""1440368"": 5, ""1440369"": 5, ""1440371"": 5, ""1773278"": 5, ""1440382"": 6, ""1440383"": 6, ""1773269"": 7, ""1773267"": 8, ""1440380"": 8, ""1440381"": 8, ""1440384"": 9, ""1440385"": 9, ""1440388"": 9, ""1440401"": 10, ""1440402"": 10, ""1440396"": 10, ""1440397"": 10, ""1440400"": 11, ""1440399"": 11, ""1440405"": 12, ""1773270"": 12, ""1773440"": 13, ""1440403"": 14, ""1440404"": 14, ""1440406"": 14, ""1440394"": 15, ""1440395"": 15, ""1440398"": 15}","{""Interior Walls"": 2.0, ""MEP"": 2.0, ""Ceiling"": 1, ""Doors"": 1, ""Interior Finishes"": 2.0}"
17,223.74,259.34000000000003,0,11.0,1,0.34583943427664776,14,"{""1440381"": 1, ""1440376"": 2, ""1440389"": 3, ""1773274"": 4, ""1440369"": 5, ""1440371"": 6, ""1440382"": 7, ""1440383"": 8, ""1440372"": 9, ""1773269"": 10, ""1773278"": 11, ""1440368"": 12, ""1773267"": 13, ""1440380"": 13, ""1440384"": 14, ""1440385"": 14, ""1440388"": 15, ""1440397"": 16, ""1440402"": 17, ""1440396"": 18, ""1440400"": 19, ""1440401"": 19, ""1440399"": 20, ""1440405"": 21, ""1773270"": 21, ""1773440"": 22, ""1440403"": 23, ""1440404"": 23, ""1440406"": 24, ""1440395"": 25, ""1440398"": 26, ""1440394"": 27}","{""Interior Walls"": 4.0, ""MEP"": 2.0, ""Ceiling"": 2.0, ""Doors"": 1, ""Interior Finishes"": 2.0}"
17,105.152,53.025333333333364,0,23.0,1,0.3215857066331702,15,"{""1440376"": 1, ""1440389"": 2, ""1773274"": 3, ""1440369"": 4, ""1440371"": 4, ""1440382"": 5, ""1440383"": 5, ""1440372"": 6, ""1773269"": 7, ""1440368"": 8, ""1773278"": 8, ""1773267"": 9, ""1440380"": 9, ""1440381"": 9, ""1440384"": 10, ""1440385"": 10, ""1440388"": 10, ""1440401"": 11, ""1440402"": 11, ""1440400"": 12, ""1440399"": 12, ""1440405"": 13, ""1773270"": 13, ""1773440"": 14, ""1440403"": 15, ""1440404"": 15, ""1440406"": 15, ""1440396"": 11, ""1440397"": 11, ""1440394"": 16, ""1440395"": 16, ""1440398"": 16}","{""Interior Walls"": 5.0, ""MEP"": 5.0, ""Ceiling"": 3.0, ""Doors"": 5.0, ""Interior Finishes"": 5.0}"
17,417.13,258.22999999999996,0,6.0,1,0.31685987064832494,16,"{""1440376"": 1, ""1440389"": 10, ""1773274"": 2, ""1440368"": 3, ""1440369"": 4, ""1773278"": 4, ""1440371"": 5, ""1440372"": 6, ""1773269"": 7, ""1440384"": 8, ""1440383"": 8, ""1440380"": 9, ""1440381"": 9, ""1440382"": 9, ""1773267"": 11, ""1440385"": 12, ""1440388"": 12, ""1440396"": 13, ""1440397"": 13, ""1440401"": 14, ""1440402"": 14, ""1440400"": 15, ""1440399"": 15, ""1440405"": 16, ""1773270"": 16, ""1773440"": 17, ""1440403"": 18, ""1440404"": 18, ""1440406"": 18, ""1440394"": 19, ""1440395"": 19, ""1440398"": 19}","{""Interior Walls"": 1, ""MEP"": 1, ""Ceiling"": 1, ""Doors"": 1, ""Interior Finishes"": 2.0}"
17,153.32666666666668,153.12666666666667,0,15.0,1,0.2831177267393822,17,"{""1440383"": 1, ""1440389"": 2, ""1440369"": 3, ""1773278"": 3, ""1773440"": 4, ""1440371"": 5, ""1440405"": 6, ""1773270"": 6, ""1440380"": 7, ""1440381"": 7, ""1440382"": 7, ""1773274"": 8, ""1440376"": 9, ""1773267"": 9, ""1440368"": 10, ""1440403"": 11, ""1440404"": 11, ""1440406"": 11, ""1440384"": 12, ""1440385"": 13, ""1440388"": 13, ""1440401"": 14, ""1440402"": 14, ""1440400"": 15, ""1440399"": 15, ""1773269"": 16, ""1440396"": 17, ""1440397"": 17, ""1440372"": 18, ""1440394"": 19, ""1440395"": 19, ""1440398"": 19}","{""Interior Walls"": 5.0, ""MEP"": 3.0, ""Ceiling"": 2.0, ""Doors"": 2.0, ""Interior Finishes"": 3.0}"
17,130.61466666666666,84.88799999999998,0,16.0,1,0.2720953392478733,18,"{""1440389"": 1, ""1440369"": 2, ""1773278"": 2, ""1773440"": 3, ""1440371"": 4, ""1440405"": 5, ""1773270"": 5, ""1440380"": 6, ""1440381"": 6, ""1440382"": 6, ""1773274"": 7, ""1440376"": 8, ""1773267"": 20, ""1440368"": 9, ""1440403"": 10, ""1440404"": 10, ""1440406"": 10, ""1440384"": 11, ""1440383"": 12, ""1440385"": 13, ""1440388"": 13, ""1440401"": 14, ""1440402"": 14, ""1440400"": 15, ""1440399"": 15, ""1773269"": 16, ""1440396"": 17, ""1440397"": 17, ""1440372"": 18, ""1440394"": 19, ""1440395"": 19, ""1440398"": 19}","{""Interior Walls"": 5.0, ""MEP"": 3.0, ""Ceiling"": 2.0, ""Doors"": 1, ""Interior Finishes"": 5.0}"
17,125.81866666666667,50.19199999999999,0,19.0,1,0.2537655678782648,19,"{""1440376"": 1, ""1440389"": 2, ""1773274"": 3, ""1440371"": 4, ""1440384"": 5, ""1440369"": 6, ""1773278"": 6, ""1440383"": 7, ""1440372"": 8, ""1773269"": 9, ""1440380"": 10, ""1440381"": 10, ""1440382"": 10, ""1440385"": 11, ""1440388"": 11, ""1440368"": 12, ""1773267"": 13, ""1440396"": 14, ""1440397"": 14, ""1440401"": 15, ""1440402"": 15, ""1440400"": 16, ""1440399"": 16, ""1440405"": 17, ""1773270"": 17, ""1773440"": 18, ""1440403"": 19, ""1440404"": 19, ""1440406"": 19, ""1440394"": 20, ""1440395"": 20, ""1440398"": 20}","{""Interior Walls"": 5.0, ""MEP"": 3.0, ""Ceiling"": 5.0, ""Doors"": 1, ""Interior Finishes"": 5.0}"
17,117.58100000000002,95.54600000000003,0,20.0,1,0.21703749319758475,20,"{""1440389"": 1, ""1773274"": 7, ""1440369"": 2, ""1773278"": 2, ""1773440"": 3, ""1440371"": 4, ""1440405"": 5, ""1773270"": 5, ""1440380"": 6, ""1440381"": 6, ""1440382"": 6, ""1773267"": 8, ""1440368"": 9, ""1440403"": 10, ""1440404"": 10, ""1440406"": 10, ""1440384"": 11, ""1440383"": 12, ""1440385"": 13, ""1440388"": 13, ""1440401"": 14, ""1440402"": 14, ""1440376"": 15, ""1440400"": 16, ""1440399"": 16, ""1773269"": 17, ""1440396"": 18, ""1440397"": 18, ""1440372"": 19, ""1440394"": 20, ""1440395"": 20, ""1440398"": 20}","{""Interior Walls"": 5.0, ""MEP"": 4.0, ""Ceiling"": 5.0, ""Doors"": 1, ""Interior Finishes"": 5.0}"
18,510.1,0.0,1,12.0,1,inf,1,"{""1440384"": 1, ""1773440"": 1, ""1440385"": 1, ""1440388"": 1, ""1440389"": 1, ""1440394"": 1, ""1440395"": 1, ""1440396"": 1, ""1440397"": 1, ""1440398"": 1, ""1440399"": 1, ""1440400"": 1, ""1440401"": 1, ""1440402"": 1, ""1440403"": 1, ""1440404"": 1, ""1440405"": 1, ""1440406"": 1, ""1773267"": 1, ""1773269"": 1, ""1773270"": 1, ""1773274"": 1, ""1773278"": 1, ""1440368"": 1, ""1440369"": 1, ""1440371"": 1, ""1440372"": 1, ""1440376"": 1, ""1440380"": 1, ""1440381"": 1, ""1440382"": 1, ""1440383"": 1}","{""Interior Walls"": 2.0, ""MEP"": 2.0, ""Ceiling"": 2.0, ""Doors"": 3.0, ""Interior Finishes"": 3.0}"
18,559.4333333333334,0.0,1,10.0,1,inf,2,"{""1440384"": 1, ""1440385"": 1, ""1773440"": 1, ""1440388"": 1, ""1440389"": 1, ""1440394"": 1, ""1440395"": 1, ""1440396"": 1, ""1440397"": 1, ""1440398"": 1, ""1440399"": 1, ""1440400"": 1, ""1440401"": 1, ""1440402"": 1, ""1440403"": 1, ""1440404"": 1, ""1440405"": 1, ""1440406"": 1, ""1773267"": 1, ""1773269"": 1, ""1773270"": 1, ""1773274"": 1, ""1773278"": 1, ""1440368"": 1, ""1440369"": 1, ""1440371"": 1, ""1440372"": 1, ""1440376"": 1, ""1440380"": 1, ""1440381"": 1, ""1440382"": 1, ""1440383"": 1}","{""Interior Walls"": 2.0, ""MEP"": 2.0, ""Ceiling"": 2.0, ""Doors"": 1, ""Interior Finishes"": 3.0}"
18,400.9,24.0,5,10.0,1,inf,3,"{""1440384"": 1, ""1440385"": 2, ""1773440"": 2, ""1440388"": 2, ""1440389"": 1, ""1440394"": 2, ""1440395"": 1, ""1440396"": 1, ""1440397"": 1, ""1440398"": 1, ""1440399"": 2, ""1440400"": 2, ""1440401"": 2, ""1440402"": 2, ""1440403"": 1, ""1440404"": 2, ""1440405"": 1, ""1440406"": 2, ""1773267"": 1, ""1773269"": 1, ""1773270"": 1, ""1773274"": 1, ""1773278"": 2, ""1440368"": 2, ""1440369"": 1, ""1440371"": 2, ""1440372"": 1, ""1440376"": 1, ""1440380"": 1, ""1440381"": 2, ""1440382"": 2, ""1440383"": 2}","{""Interior Walls"": 2.0, ""MEP"": 2.0, ""Ceiling"": 2.0, ""Doors"": 2.0, ""Interior Finishes"": 2.0}"
18,497.3,193.0,0,5.0,1,inf,4,"{""1440376"": 1, ""1440389"": 2, ""1773274"": 3, ""1440369"": 4, ""1440371"": 4, ""1440382"": 5, ""1440383"": 5, ""1440372"": 6, ""1773269"": 12, ""1440368"": 8, ""1773278"": 8, ""1773267"": 9, ""1440380"": 9, ""1440381"": 9, ""1440384"": 10, ""1440385"": 10, ""1440388"": 10, ""1440405"": 11, ""1773270"": 11, ""1440401"": 7, ""1440402"": 7, ""1440400"": 13, ""1440399"": 13, ""1440396"": 14, ""1440397"": 14, ""1773440"": 15, ""1440403"": 16, ""1440404"": 16, ""1440406"": 16, ""1440394"": 17, ""1440395"": 17, ""1440398"": 17}","{""Interior Walls"": 1, ""MEP"": 1, ""Ceiling"": 1, ""Doors"": 1, ""Interior Finishes"": 1}"
18,494.92,859.12,0,5.0,1,inf,5,"{""1440372"": 1, ""1440384"": 2, ""1440385"": 2, ""1440388"": 2, ""1440394"": 3, ""1440395"": 3, ""1440398"": 3, ""1440376"": 4, ""1440396"": 5, ""1440397"": 5, ""1773269"": 6, ""1440382"": 7, ""1440383"": 7, ""1440400"": 8, ""1440399"": 8, ""1773267"": 9, ""1440380"": 9, ""1440381"": 9, ""1440401"": 10, ""1440402"": 10, ""1773440"": 11, ""1440389"": 12, ""1440369"": 13, ""1440371"": 13, ""1440368"": 14, ""1773278"": 14, ""1440403"": 15, ""1440404"": 15, ""1440406"": 15, ""1440405"": 16, ""1773270"": 16, ""1773274"": 17}","{""Interior Walls"": 1, ""MEP"": 1, ""Ceiling"": 1, ""Doors"": 1, ""Interior Finishes"": 1}"
18,118.55199999999999,7.825333333333354,0,19.0,1,inf,6,"{""1440376"": 1, ""1440389"": 2, ""1773274"": 3, ""1440369"": 4, ""1440371"": 4, ""1440382"": 5, ""1440383"": 5, ""1440372"": 6, ""1773269"": 7, ""1440368"": 8, ""1773278"": 8, ""1773267"": 9, ""1440380"": 9, ""1440381"": 9, ""1440384"": 10, ""1440385"": 10, ""1440388"": 10, ""1440401"": 11, ""1440402"": 11, ""1440396"": 11, ""1440397"": 11, ""1440400"": 12, ""1440399"": 12, ""1440405"": 13, ""1773270"": 13, ""1773440"": 14, ""1440403"": 15, ""1440404"": 15, ""1440406"": 15, ""1440394"": 16, ""1440395"": 16, ""1440398"": 16}","{""Interior Walls"": 5.0, ""MEP"": 5.0, ""Ceiling"": 3.0, ""Doors"": 1, ""Interior Finishes"": 5.0}"
18,97.82799999999997,163.86799999999994,0,25.0,1,inf,7,"{""1440394"": 1, ""1440395"": 1, ""1440398"": 1, ""1440405"": 2, ""1773270"": 2, ""1440372"": 3, ""1440396"": 4, ""1440397"": 4, ""1773269"": 5, ""1440400"": 6, ""1440399"": 6, ""1440376"": 7, ""1440401"": 4, ""1440402"": 4, ""1440384"": 8, ""1440385"": 8, ""1440388"": 8, ""1440403"": 9, ""1440404"": 9, ""1440406"": 9, ""1440382"": 10, ""1440383"": 10, ""1773267"": 11, ""1440380"": 11, ""1440381"": 11, ""1440369"": 12, ""1440371"": 12, ""1440368"": 13, ""1773278"": 13, ""1773440"": 14, ""1773274"": 15, ""1440389"": 16}","{""Interior Walls"": 5.0, ""MEP"": 5.0, ""Ceiling"": 5.0, ""Doors"": 5.0, ""Interior Finishes"": 5.0}"
18,488.4,104.0,3,8.0,1,0.8355434283217285,8,"{""1440384"": 4, ""1440389"": 1, ""1440395"": 1, ""1440396"": 1, ""1440397"": 1, ""1440403"": 1, ""1773267"": 1, ""1440405"": 1, ""1773269"": 1, ""1773270"": 1, ""1440406"": 1, ""1773274"": 1, ""1440369"": 1, ""1440372"": 1, ""1440376"": 1, ""1440380"": 1, ""1440401"": 2, ""1440402"": 2, ""1773440"": 3, ""1440385"": 4, ""1440388"": 4, ""1440394"": 4, ""1440382"": 4, ""1440398"": 4, ""1440399"": 4, ""1440400"": 4, ""1440368"": 4, ""1440371"": 4, ""1440404"": 4, ""1440381"": 4, ""1773278"": 4, ""1440383"": 4}","{""Interior Walls"": 2.0, ""MEP"": 1, ""Ceiling"": 2.0, ""Doors"": 1, ""Interior Finishes"": 2.0}"
18,182.55999999999997,234.62666666666667,1,13.0,1,0.6905699189187023,9,"{""1440383"": 1, ""1440389"": 2, ""1440369"": 3, ""1773278"": 4, ""1773440"": 5, ""1440371"": 6, ""1440405"": 7, ""1773270"": 7, ""1440381"": 8, ""1440382"": 9, ""1440380"": 10, ""1773274"": 11, ""1440376"": 12, ""1773267"": 12, ""1440368"": 13, ""1440403"": 14, ""1440404"": 14, ""1440406"": 15, ""1440384"": 16, ""1440385"": 16, ""1440388"": 17, ""1440401"": 18, ""1440402"": 18, ""1440400"": 19, ""1440399"": 19, ""1773269"": 20, ""1440396"": 21, ""1440397"": 22, ""1440372"": 23, ""1440395"": 24, ""1440394"": 25, ""1440398"": 25}","{""Interior Walls"": 4.0, ""MEP"": 2.0, ""Ceiling"": 2.0, ""Doors"": 2.0, ""Interior Finishes"": 3.0}"
18,502.4,83.0,4,8.0,1,0.5608593401848126,10,"{""1440384"": 1, ""1440389"": 1, ""1440395"": 1, ""1440396"": 1, ""1440397"": 1, ""1440398"": 4, ""1440403"": 1, ""1773267"": 1, ""1440405"": 1, ""1773269"": 1, ""1773270"": 1, ""1773274"": 1, ""1440369"": 1, ""1440372"": 1, ""1440376"": 1, ""1440380"": 1, ""1440401"": 2, ""1440402"": 2, ""1773440"": 3, ""1440385"": 4, ""1440388"": 4, ""1440394"": 4, ""1773278"": 4, ""1440399"": 4, ""1440400"": 4, ""1440368"": 4, ""1440371"": 4, ""1440404"": 4, ""1440406"": 1, ""1440381"": 4, ""1440382"": 4, ""1440383"": 4}","{""Interior Walls"": 2.0, ""MEP"": 1, ""Ceiling"": 2.0, ""Doors"": 1, ""Interior Finishes"": 2.0}"
18,369.26,680.36,0,6.0,1,0.5047718234868278,11,"{""1440405"": 1, ""1773270"": 1, ""1773274"": 2, ""1440389"": 3, ""1773267"": 4, ""1440376"": 5, ""1773269"": 6, ""1440396"": 7, ""1440397"": 7, ""1440372"": 8, ""1440403"": 9, ""1440404"": 9, ""1440406"": 9, ""1440401"": 10, ""1440402"": 10, ""1440369"": 15, ""1773278"": 15, ""1440384"": 12, ""1440383"": 12, ""1440394"": 13, ""1440395"": 13, ""1440398"": 13, ""1440380"": 14, ""1440381"": 14, ""1440382"": 14, ""1773440"": 11, ""1440368"": 16, ""1440400"": 17, ""1440399"": 17, ""1440385"": 18, ""1440388"": 18, ""1440371"": 19}","{""Interior Walls"": 1, ""MEP"": 1, ""Ceiling"": 1, ""Doors"": 1, ""Interior Finishes"": 2.0}"
18,223.74,259.34000000000003,0,11.0,1,0.3268990647541201,12,"{""1440381"": 1, ""1440376"": 2, ""1440389"": 3, ""1773274"": 4, ""1440369"": 5, ""1440371"": 6, ""1440382"": 7, ""1440383"": 8, ""1440372"": 9, ""1773269"": 10, ""1773278"": 11, ""1440368"": 12, ""1773267"": 13, ""1440380"": 13, ""1440384"": 14, ""1440385"": 14, ""1440388"": 15, ""1440397"": 16, ""1440402"": 17, ""1440396"": 18, ""1440400"": 19, ""1440401"": 19, ""1440399"": 20, ""1440405"": 21, ""1773270"": 21, ""1773440"": 22, ""1440403"": 23, ""1440404"": 23, ""1440406"": 24, ""1440395"": 25, ""1440398"": 26, ""1440394"": 27}","{""Interior Walls"": 4.0, ""MEP"": 2.0, ""Ceiling"": 2.0, ""Doors"": 1, ""Interior Finishes"": 2.0}"
18,153.32666666666668,153.12666666666667,0,15.0,1,0.32478166152173216,13,"{""1440383"": 1, ""1440389"": 2, ""1440369"": 3, ""1773278"": 3, ""1773440"": 4, ""1440371"": 5, ""1440405"": 6, ""1773270"": 6, ""1440380"": 7, ""1440381"": 7, ""1440382"": 7, ""1773274"": 8, ""1440376"": 9, ""1773267"": 9, ""1440368"": 10, ""1440403"": 11, ""1440404"": 11, ""1440406"": 11, ""1440384"": 12, ""1440385"": 13, ""1440388"": 13, ""1440401"": 14, ""1440402"": 14, ""1440400"": 15, ""1440399"": 15, ""1773269"": 16, ""1440396"": 17, ""1440397"": 17, ""1440372"": 18, ""1440394"": 19, ""1440395"": 19, ""1440398"": 19}","{""Interior Walls"": 5.0, ""MEP"": 3.0, ""Ceiling"": 2.0, ""Doors"": 2.0, ""Interior Finishes"": 3.0}"
18,293.13,470.72999999999996,0,8.0,1,0.3185799175427697,14,"{""1440372"": 1, ""1440376"": 2, ""1440389"": 3, ""1773274"": 4, ""1440368"": 5, ""1440369"": 5, ""1440371"": 5, ""1773278"": 5, ""1440382"": 6, ""1440383"": 6, ""1773269"": 7, ""1773267"": 8, ""1440380"": 8, ""1440381"": 8, ""1440384"": 9, ""1440385"": 9, ""1440388"": 9, ""1440401"": 10, ""1440402"": 10, ""1440396"": 10, ""1440397"": 10, ""1440400"": 11, ""1440399"": 11, ""1440405"": 12, ""1773270"": 12, ""1773440"": 13, ""1440403"": 14, ""1440404"": 14, ""1440406"": 14, ""1440394"": 15, ""1440395"": 15, ""1440398"": 15}","{""Interior Walls"": 2.0, ""MEP"": 2.0, ""Ceiling"": 1, ""Doors"": 1, ""Interior Finishes"": 2.0}"
18,375.02,590.62,0,6.0,1,0.3125488961498085,15,"{""1440389"": 1, ""1773274"": 2, ""1440405"": 3, ""1773270"": 3, ""1773267"": 4, ""1440376"": 5, ""1773269"": 6, ""1440396"": 7, ""1440397"": 7, ""1440372"": 8, ""1440394"": 9, ""1440395"": 9, ""1440398"": 9, ""1440369"": 10, ""1773278"": 10, ""1440384"": 11, ""1440383"": 11, ""1440380"": 12, ""1440381"": 12, ""1440382"": 12, ""1440403"": 13, ""1440404"": 13, ""1440406"": 13, ""1440400"": 14, ""1440399"": 14, ""1440385"": 15, ""1440388"": 15, ""1773440"": 16, ""1440371"": 17, ""1440368"": 18, ""1440401"": 19, ""1440402"": 19}","{""Interior Walls"": 1, ""MEP"": 1.0, ""Ceiling"": 1, ""Doors"": 1, ""Interior Finishes"": 2.0}"
18,206.24666666666664,446.64666666666676,0,13.0,1,0.3038905455519182,16,"{""1440405"": 1, ""1773270"": 1, ""1440376"": 2, ""1440389"": 3, ""1773274"": 4, ""1440369"": 5, ""1440371"": 5, ""1440382"": 6, ""1440383"": 6, ""1440372"": 7, ""1773269"": 8, ""1440368"": 5, ""1773278"": 5, ""1773267"": 9, ""1440380"": 9, ""1440381"": 9, ""1440384"": 10, ""1440385"": 10, ""1440388"": 10, ""1440401"": 11, ""1440402"": 11, ""1440396"": 11, ""1440397"": 11, ""1440400"": 12, ""1440399"": 12, ""1773440"": 13, ""1440403"": 14, ""1440404"": 14, ""1440406"": 14, ""1440394"": 15, ""1440395"": 15, ""1440398"": 15}","{""Interior Walls"": 2.0, ""MEP"": 2.0, ""Ceiling"": 3.0, ""Doors"": 3.0, ""Interior Finishes"": 3.0}"
18,130.61466666666666,84.88799999999998,0,16.0,1,0.28993751104317456,17,"{""1440389"": 1, ""1440369"": 2, ""1773278"": 2, ""1773440"": 3, ""1440371"": 4, ""1440405"": 5, ""1773270"": 5, ""1440380"": 6, ""1440381"": 6, ""1440382"": 6, ""1773274"": 7, ""1440376"": 8, ""1773267"": 20, ""1440368"": 9, ""1440403"": 10, ""1440404"": 10, ""1440406"": 10, ""1440384"": 11, ""1440383"": 12, ""1440385"": 13, ""1440388"": 13, ""1440401"": 14, ""1440402"": 14, ""1440400"": 15, ""1440399"": 15, ""1773269"": 16, ""1440396"": 17, ""1440397"": 17, ""1440372"": 18, ""1440394"": 19, ""1440395"": 19, ""1440398"": 19}","{""Interior Walls"": 5.0, ""MEP"": 3.0, ""Ceiling"": 2.0, ""Doors"": 1, ""Interior Finishes"": 5.0}"
18,417.13,258.22999999999996,0,6.0,1,0.2683217377452962,18,"{""1440376"": 1, ""1440389"": 10, ""1773274"": 2, ""1440368"": 3, ""1440369"": 4, ""1773278"": 4, ""1440371"": 5, ""1440372"": 6, ""1773269"": 7, ""1440384"": 8, ""1440383"": 8, ""1440380"": 9, ""1440381"": 9, ""1440382"": 9, ""1773267"": 11, ""1440385"": 12, ""1440388"": 12, ""1440396"": 13, ""1440397"": 13, ""1440401"": 14, ""1440402"": 14, ""1440400"": 15, ""1440399"": 15, ""1440405"": 16, ""1773270"": 16, ""1773440"": 17, ""1440403"": 18, ""1440404"": 18, ""1440406"": 18, ""1440394"": 19, ""1440395"": 19, ""1440398"": 19}","{""Interior Walls"": 1, ""MEP"": 1, ""Ceiling"": 1, ""Doors"": 1, ""Interior Finishes"": 2.0}"
18,309.36,291.46,0,7.0,1,0.2568030389482033,19,"{""1440389"": 1, ""1773274"": 2, ""1440369"": 3, ""1440371"": 4, ""1440382"": 5, ""1440383"": 6, ""1440372"": 7, ""1440376"": 8, ""1773269"": 8, ""1773278"": 9, ""1440368"": 10, ""1773267"": 11, ""1440380"": 11, ""1440381"": 12, ""1440384"": 13, ""1440385"": 13, ""1440388"": 14, ""1440397"": 15, ""1440402"": 16, ""1440396"": 17, ""1440400"": 18, ""1440401"": 18, ""1440399"": 19, ""1440405"": 20, ""1773270"": 20, ""1773440"": 21, ""1440403"": 22, ""1440404"": 22, ""1440406"": 23, ""1440395"": 24, ""1440398"": 25, ""1440394"": 24}","{""Interior Walls"": 2.0, ""MEP"": 1, ""Ceiling"": 1, ""Doors"": 1, ""Interior Finishes"": 2.0}"
18,297.36000000000007,312.46,0,8.0,1,0.2505865568129337,20,"{""1440376"": 8, ""1440389"": 1, ""1773274"": 2, ""1440369"": 3, ""1440371"": 4, ""1440382"": 5, ""1440383"": 6, ""1440372"": 7, ""1773269"": 8, ""1773278"": 9, ""1440368"": 10, ""1773267"": 11, ""1440380"": 11, ""1440381"": 12, ""1440384"": 13, ""1440385"": 13, ""1440388"": 14, ""1440397"": 15, ""1440402"": 16, ""1440396"": 17, ""1440400"": 18, ""1440401"": 18, ""1440399"": 19, ""1440405"": 20, ""1773270"": 20, ""1773440"": 21, ""1440403"": 22, ""1440404"": 22, ""1440406"": 23, ""1440395"": 24, ""1440398"": 25, ""1440394"": 26}","{""Interior Walls"": 2.0, ""MEP"": 1, ""Ceiling"": 2.0, ""Doors"": 1, ""Interior Finishes"": 2.0}"
19,559.4333333333334,0.0,1,10.0,1,inf,1,"{""1440384"": 1, ""1440385"": 1, ""1773440"": 1, ""1440388"": 1, ""1440389"": 1, ""1440394"": 1, ""1440395"": 1, ""1440396"": 1, ""1440397"": 1, ""1440398"": 1, ""1440399"": 1, ""1440400"": 1, ""1440401"": 1, ""1440402"": 1, ""1440403"": 1, ""1440404"": 1, ""1440405"": 1, ""1440406"": 1, ""1773267"": 1, ""1773269"": 1, ""1773270"": 1, ""1773274"": 1, ""1773278"": 1, ""1440368"": 1, ""1440369"": 1, ""1440371"": 1, ""1440372"": 1, ""1440376"": 1, ""1440380"": 1, ""1440381"": 1, ""1440382"": 1, ""1440383"": 1}","{""Interior Walls"": 2.0, ""MEP"": 2.0, ""Ceiling"": 2.0, ""Doors"": 1, ""Interior Finishes"": 3.0}"
19,400.9,24.0,5,10.0,1,inf,2,"{""1440384"": 1, ""1440385"": 2, ""1773440"": 2, ""1440388"": 2, ""1440389"": 1, ""1440394"": 2, ""1440395"": 1, ""1440396"": 1, ""1440397"": 1, ""1440398"": 1, ""1440399"": 2, ""1440400"": 2, ""1440401"": 2, ""1440402"": 2, ""1440403"": 1, ""1440404"": 2, ""1440405"": 1, ""1440406"": 2, ""1773267"": 1, ""1773269"": 1, ""1773270"": 1, ""1773274"": 1, ""1773278"": 2, ""1440368"": 2, ""1440369"": 1, ""1440371"": 2, ""1440372"": 1, ""1440376"": 1, ""1440380"": 1, ""1440381"": 2, ""1440382"": 2, ""1440383"": 2}","{""Interior Walls"": 2.0, ""MEP"": 2.0, ""Ceiling"": 2.0, ""Doors"": 2.0, ""Interior Finishes"": 2.0}"
19,497.3,193.0,0,5.0,1,inf,3,"{""1440376"": 1, ""1440389"": 2, ""1773274"": 3, ""1440369"": 4, ""1440371"": 4, ""1440382"": 5, ""1440383"": 5, ""1440372"": 6, ""1773269"": 12, ""1440368"": 8, ""1773278"": 8, ""1773267"": 9, ""1440380"": 9, ""1440381"": 9, ""1440384"": 10, ""1440385"": 10, ""1440388"": 10, ""1440405"": 11, ""1773270"": 11, ""1440401"": 7, ""1440402"": 7, ""1440400"": 13, ""1440399"": 13, ""1440396"": 14, ""1440397"": 14, ""1773440"": 15, ""1440403"": 16, ""1440404"": 16, ""1440406"": 16, ""1440394"": 17, ""1440395"": 17, ""1440398"": 17}","{""Interior Walls"": 1, ""MEP"": 1, ""Ceiling"": 1, ""Doors"": 1, ""Interior Finishes"": 1}"
19,494.92,859.12,0,5.0,1,inf,4,"{""1440372"": 1, ""1440384"": 2, ""1440385"": 2, ""1440388"": 2, ""1440394"": 3, ""1440395"": 3, ""1440398"": 3, ""1440376"": 4, ""1440396"": 5, ""1440397"": 5, ""1773269"": 6, ""1440382"": 7, ""1440383"": 7, ""1440400"": 8, ""1440399"": 8, ""1773267"": 9, ""1440380"": 9, ""1440381"": 9, ""1440401"": 10, ""1440402"": 10, ""1773440"": 11, ""1440389"": 12, ""1440369"": 13, ""1440371"": 13, ""1440368"": 14, ""1773278"": 14, ""1440403"": 15, ""1440404"": 15, ""1440406"": 15, ""1440405"": 16, ""1773270"": 16, ""1773274"": 17}","{""Interior Walls"": 1, ""MEP"": 1, ""Ceiling"": 1, ""Doors"": 1, ""Interior Finishes"": 1}"
19,118.55199999999999,7.825333333333354,0,19.0,1,inf,5,"{""1440376"": 1, ""1440389"": 2, ""1773274"": 3, ""1440369"": 4, ""1440371"": 4, ""1440382"": 5, ""1440383"": 5, ""1440372"": 6, ""1773269"": 7, ""1440368"": 8, ""1773278"": 8, ""1773267"": 9, ""1440380"": 9, ""1440381"": 9, ""1440384"": 10, ""1440385"": 10, ""1440388"": 10, ""1440401"": 11, ""1440402"": 11, ""1440396"": 11, ""1440397"": 11, ""1440400"": 12, ""1440399"": 12, ""1440405"": 13, ""1773270"": 13, ""1773440"": 14, ""1440403"": 15, ""1440404"": 15, ""1440406"": 15, ""1440394"": 16, ""1440395"": 16, ""1440398"": 16}","{""Interior Walls"": 5.0, ""MEP"": 5.0, ""Ceiling"": 3.0, ""Doors"": 1, ""Interior Finishes"": 5.0}"
19,97.82799999999997,163.86799999999994,0,25.0,1,inf,6,"{""1440394"": 1, ""1440395"": 1, ""1440398"": 1, ""1440405"": 2, ""1773270"": 2, ""1440372"": 3, ""1440396"": 4, ""1440397"": 4, ""1773269"": 5, ""1440400"": 6, ""1440399"": 6, ""1440376"": 7, ""1440401"": 4, ""1440402"": 4, ""1440384"": 8, ""1440385"": 8, ""1440388"": 8, ""1440403"": 9, ""1440404"": 9, ""1440406"": 9, ""1440382"": 10, ""1440383"": 10, ""1773267"": 11, ""1440380"": 11, ""1440381"": 11, ""1440369"": 12, ""1440371"": 12, ""1440368"": 13, ""1773278"": 13, ""1773440"": 14, ""1773274"": 15, ""1440389"": 16}","{""Interior Walls"": 5.0, ""MEP"": 5.0, ""Ceiling"": 5.0, ""Doors"": 5.0, ""Interior Finishes"": 5.0}"
19,415.2,0.0,1,14.0,1,inf,7,"{""1440384"": 1, ""1440385"": 1, ""1773440"": 1, ""1440388"": 1, ""1440389"": 1, ""1440394"": 1, ""1440395"": 1, ""1440396"": 1, ""1440397"": 1, ""1440398"": 1, ""1440399"": 1, ""1440400"": 1, ""1440401"": 1, ""1440402"": 1, ""1440403"": 1, ""1440404"": 1, ""1440405"": 1, ""1440406"": 1, ""1773267"": 1, ""1773269"": 1, ""1773270"": 1, ""1773274"": 1, ""1773278"": 1, ""1440368"": 1, ""1440369"": 1, ""1440371"": 1, ""1440372"": 1, ""1440376"": 1, ""1440380"": 1, ""1440381"": 1, ""1440382"": 1, ""1440383"": 1}","{""Interior Walls"": 4.0, ""MEP"": 2.0, ""Ceiling"": 2.0, ""Doors"": 2.0, ""Interior Finishes"": 4.0}"
19,488.4,104.0,3,8.0,1,0.8345028286383316,8,"{""1440384"": 4, ""1440389"": 1, ""1440395"": 1, ""1440396"": 1, ""1440397"": 1, ""1440403"": 1, ""1773267"": 1, ""1440405"": 1, ""1773269"": 1, ""1773270"": 1, ""1440406"": 1, ""1773274"": 1, ""1440369"": 1, ""1440372"": 1, ""1440376"": 1, ""1440380"": 1, ""1440401"": 2, ""1440402"": 2, ""1773440"": 3, ""1440385"": 4, ""1440388"": 4, ""1440394"": 4, ""1440382"": 4, ""1440398"": 4, ""1440399"": 4, ""1440400"": 4, ""1440368"": 4, ""1440371"": 4, ""1440404"": 4, ""1440381"": 4, ""1773278"": 4, ""1440383"": 4}","{""Interior Walls"": 2.0, ""MEP"": 1, ""Ceiling"": 2.0, ""Doors"": 1, ""Interior Finishes"": 2.0}"
19,302.13,419.73,1,7.0,1,0.6599402691921415,9,"{""1440405"": 1, ""1773270"": 1, ""1773274"": 2, ""1440389"": 3, ""1773267"": 4, ""1440376"": 5, ""1773269"": 6, ""1440396"": 7, ""1440397"": 7, ""1440372"": 8, ""1440403"": 9, ""1440404"": 9, ""1440406"": 9, ""1440401"": 10, ""1440402"": 10, ""1440369"": 11, ""1773278"": 11, ""1440384"": 12, ""1440383"": 14, ""1440394"": 13, ""1440395"": 13, ""1440398"": 13, ""1440380"": 14, ""1440381"": 14, ""1440382"": 12, ""1773440"": 15, ""1440368"": 16, ""1440371"": 17, ""1440400"": 18, ""1440399"": 18, ""1440385"": 19, ""1440388"": 19}","{""Interior Walls"": 2.0, ""MEP"": 1, ""Ceiling"": 1, ""Doors"": 1, ""Interior Finishes"": 2.0}"
19,502.4,83.0,4,8.0,1,0.5486018363824724,10,"{""1440384"": 1, ""1440389"": 1, ""1440395"": 1, ""1440396"": 1, ""1440397"": 1, ""1440398"": 4, ""1440403"": 1, ""1773267"": 1, ""1440405"": 1, ""1773269"": 1, ""1773270"": 1, ""1773274"": 1, ""1440369"": 1, ""1440372"": 1, ""1440376"": 1, ""1440380"": 1, ""1440401"": 2, ""1440402"": 2, ""1773440"": 3, ""1440385"": 4, ""1440388"": 4, ""1440394"": 4, ""1773278"": 4, ""1440399"": 4, ""1440400"": 4, ""1440368"": 4, ""1440371"": 4, ""1440404"": 4, ""1440406"": 1, ""1440381"": 4, ""1440382"": 4, ""1440383"": 4}","{""Interior Walls"": 2.0, ""MEP"": 1, ""Ceiling"": 2.0, ""Doors"": 1, ""Interior Finishes"": 2.0}"
19,369.26,680.36,0,6.0,1,0.4662757344757245,11,"{""1440405"": 1, ""1773270"": 1, ""1773274"": 2, ""1440389"": 3, ""1773267"": 4, ""1440376"": 5, ""1773269"": 6, ""1440396"": 7, ""1440397"": 7, ""1440372"": 8, ""1440403"": 9, ""1440404"": 9, ""1440406"": 9, ""1440401"": 10, ""1440402"": 10, ""1440369"": 15, ""1773278"": 15, ""1440384"": 12, ""1440383"": 12, ""1440394"": 13, ""1440395"": 13, ""1440398"": 13, ""1440380"": 14, ""1440381"": 14, ""1440382"": 14, ""1773440"": 11, ""1440368"": 16, ""1440400"": 17, ""1440399"": 17, ""1440385"": 18, ""1440388"": 18, ""1440371"": 19}","{""Interior Walls"": 1, ""MEP"": 1, ""Ceiling"": 1, ""Doors"": 1, ""Interior Finishes"": 2.0}"
19,221.37,255.47,0,11.0,1,0.3593963573266462,12,"{""1440406"": 1, ""1440381"": 2, ""1440376"": 3, ""1440389"": 4, ""1773274"": 5, ""1440369"": 6, ""1440371"": 7, ""1440382"": 8, ""1440383"": 9, ""1440372"": 10, ""1773269"": 11, ""1773278"": 12, ""1440368"": 13, ""1773267"": 20, ""1440380"": 20, ""1440384"": 19, ""1440385"": 19, ""1440388"": 18, ""1440397"": 17, ""1440402"": 16, ""1440396"": 15, ""1440400"": 14, ""1440401"": 14, ""1440399"": 21, ""1440405"": 22, ""1773270"": 22, ""1773440"": 23, ""1440403"": 24, ""1440404"": 24, ""1440395"": 25, ""1440398"": 26, ""1440394"": 27}","{""Interior Walls"": 4.0, ""MEP"": 2.0, ""Ceiling"": 2.0, ""Doors"": 1, ""Interior Finishes"": 2.0}"
19,375.02,590.62,0,6.0,1,0.3064831083483968,13,"{""1440389"": 1, ""1773274"": 2, ""1440405"": 3, ""1773270"": 3, ""1773267"": 4, ""1440376"": 5, ""1773269"": 6, ""1440396"": 7, ""1440397"": 7, ""1440372"": 8, ""1440394"": 9, ""1440395"": 9, ""1440398"": 9, ""1440369"": 10, ""1773278"": 10, ""1440384"": 11, ""1440383"": 11, ""1440380"": 12, ""1440381"": 12, ""1440382"": 12, ""1440403"": 13, ""1440404"": 13, ""1440406"": 13, ""1440400"": 14, ""1440399"": 14, ""1440385"": 15, ""1440388"": 15, ""1773440"": 16, ""1440371"": 17, ""1440368"": 18, ""1440401"": 19, ""1440402"": 19}","{""Interior Walls"": 1, ""MEP"": 1.0, ""Ceiling"": 1, ""Doors"": 1, ""Interior Finishes"": 2.0}"
19,293.13,470.72999999999996,0,8.0,1,0.3012657371082861,14,"{""1440372"": 1, ""1440376"": 2, ""1440389"": 3, ""1773274"": 4, ""1440368"": 5, ""1440369"": 5, ""1440371"": 5, ""1773278"": 5, ""1440382"": 6, ""1440383"": 6, ""1773269"": 7, ""1773267"": 8, ""1440380"": 8, ""1440381"": 8, ""1440384"": 9, ""1440385"": 9, ""1440388"": 9, ""1440401"": 10, ""1440402"": 10, ""1440396"": 10, ""1440397"": 10, ""1440400"": 11, ""1440399"": 11, ""1440405"": 12, ""1773270"": 12, ""1773440"": 13, ""1440403"": 14, ""1440404"": 14, ""1440406"": 14, ""1440394"": 15, ""1440395"": 15, ""1440398"": 15}","{""Interior Walls"": 2.0, ""MEP"": 2.0, ""Ceiling"": 1, ""Doors"": 1, ""Interior Finishes"": 2.0}"
19,130.61466666666666,84.88799999999998,0,16.0,1,0.2909781107265715,15,"{""1440389"": 1, ""1440369"": 2, ""1773278"": 2, ""1773440"": 3, ""1440371"": 4, ""1440405"": 5, ""1773270"": 5, ""1440380"": 6, ""1440381"": 6, ""1440382"": 6, ""1773274"": 7, ""1440376"": 8, ""1773267"": 20, ""1440368"": 9, ""1440403"": 10, ""1440404"": 10, ""1440406"": 10, ""1440384"": 11, ""1440383"": 12, ""1440385"": 13, ""1440388"": 13, ""1440401"": 14, ""1440402"": 14, ""1440400"": 15, ""1440399"": 15, ""1773269"": 16, ""1440396"": 17, ""1440397"": 17, ""1440372"": 18, ""1440394"": 19, ""1440395"": 19, ""1440398"": 19}","{""Interior Walls"": 5.0, ""MEP"": 3.0, ""Ceiling"": 2.0, ""Doors"": 1, ""Interior Finishes"": 5.0}"
19,153.32666666666668,153.12666666666667,0,15.0,1,0.2822171769328504,16,"{""1440383"": 1, ""1440389"": 2, ""1440369"": 3, ""1773278"": 3, ""1773440"": 4, ""1440371"": 5, ""1440405"": 6, ""1773270"": 6, ""1440380"": 7, ""1440381"": 7, ""1440382"": 7, ""1773274"": 8, ""1440376"": 9, ""1773267"": 9, ""1440368"": 10, ""1440403"": 11, ""1440404"": 11, ""1440406"": 11, ""1440384"": 12, ""1440385"": 13, ""1440388"": 13, ""1440401"": 14, ""1440402"": 14, ""1440400"": 15, ""1440399"": 15, ""1773269"": 16, ""1440396"": 17, ""1440397"": 17, ""1440372"": 18, ""1440394"": 19, ""1440395"": 19, ""1440398"": 19}","{""Interior Walls"": 5.0, ""MEP"": 3.0, ""Ceiling"": 2.0, ""Doors"": 2.0, ""Interior Finishes"": 3.0}"
19,510.1,0.0,1,12.0,1,0.223554320573997,17,"{""1440384"": 1, ""1773440"": 1, ""1440385"": 1, ""1440388"": 1, ""1440389"": 1, ""1440394"": 1, ""1440395"": 1, ""1440396"": 1, ""1440397"": 1, ""1440398"": 1, ""1440399"": 1, ""1440400"": 1, ""1440401"": 1, ""1440402"": 1, ""1440403"": 1, ""1440404"": 1, ""1440405"": 1, ""1440406"": 1, ""1773267"": 1, ""1773269"": 1, ""1773270"": 1, ""1773274"": 1, ""1773278"": 1, ""1440368"": 1, ""1440369"": 1, ""1440371"": 1, ""1440372"": 1, ""1440376"": 1, ""1440380"": 1, ""1440381"": 1, ""1440382"": 1, ""1440383"": 1}","{""Interior Walls"": 2.0, ""MEP"": 2.0, ""Ceiling"": 2.0, ""Doors"": 3.0, ""Interior Finishes"": 3.0}"
19,417.13,258.22999999999996,0,6.0,1,0.22226544931668663,18,"{""1440376"": 1, ""1440389"": 10, ""1773274"": 2, ""1440368"": 3, ""1440369"": 4, ""1773278"": 4, ""1440371"": 5, ""1440372"": 6, ""1773269"": 7, ""1440384"": 8, ""1440383"": 8, ""1440380"": 9, ""1440381"": 9, ""1440382"": 9, ""1773267"": 11, ""1440385"": 12, ""1440388"": 12, ""1440396"": 13, ""1440397"": 13, ""1440401"": 14, ""1440402"": 14, ""1440400"": 15, ""1440399"": 15, ""1440405"": 16, ""1773270"": 16, ""1773440"": 17, ""1440403"": 18, ""1440404"": 18, ""1440406"": 18, ""1440394"": 19, ""1440395"": 19, ""1440398"": 19}","{""Interior Walls"": 1, ""MEP"": 1, ""Ceiling"": 1, ""Doors"": 1, ""Interior Finishes"": 2.0}"
19,327.13,267.23,0,9.0,1,0.21844364540599004,19,"{""1440376"": 1, ""1440389"": 2, ""1773274"": 3, ""1440369"": 4, ""1440371"": 4, ""1440382"": 5, ""1440383"": 5, ""1773267"": 6, ""1440380"": 6, ""1440381"": 6, ""1440372"": 7, ""1773269"": 8, ""1440368"": 9, ""1773278"": 9, ""1440384"": 10, ""1440385"": 10, ""1440388"": 10, ""1440396"": 11, ""1440397"": 11, ""1440401"": 12, ""1440402"": 12, ""1440400"": 16, ""1440399"": 16, ""1440405"": 14, ""1773270"": 14, ""1773440"": 15, ""1440403"": 13, ""1440404"": 13, ""1440406"": 13, ""1440394"": 17, ""1440395"": 17, ""1440398"": 17}","{""Interior Walls"": 4.0, ""MEP"": 1, ""Ceiling"": 1, ""Doors"": 1, ""Interior Finishes"": 2.0}"
19,297.36000000000007,312.46,0,8.0,1,0.21282198030024152,20,"{""1440376"": 8, ""1440389"": 1, ""1773274"": 2, ""1440369"": 3, ""1440371"": 4, ""1440382"": 5, ""1440383"": 6, ""1440372"": 7, ""1773269"": 8, ""1773278"": 9, ""1440368"": 10, ""1773267"": 11, ""1440380"": 11, ""1440381"": 12, ""1440384"": 13, ""1440385"": 13, ""1440388"": 14, ""1440397"": 15, ""1440402"": 16, ""1440396"": 17, ""1440400"": 18, ""1440401"": 18, ""1440399"": 19, ""1440405"": 20, ""1773270"": 20, ""1773440"": 21, ""1440403"": 22, ""1440404"": 22, ""1440406"": 23, ""1440395"": 24, ""1440398"": 25, ""1440394"": 26}","{""Interior Walls"": 2.0, ""MEP"": 1, ""Ceiling"": 2.0, ""Doors"": 1, ""Interior Finishes"": 2.0}"
